date,strategy_return,spy_return
2008-07-01,-0.00031763161997895985,
2008-07-02,0.012297694725824648,-0.017136378596362745
2008-07-03,-0.006172300934185526,0.0010300420959838963
2008-07-07,-0.01129372095581399,-0.010212826769020245
2008-07-08,-0.020154029598248413,0.017756833659167803
2008-07-09,0.003181919307574388,-0.019254570634002155
2008-07-10,0.024698294210348082,0.004086768988726286
2008-07-11,0.015667555571401648,-0.011651605493036343
2008-07-14,0.004158468208673494,-0.00904415336351938
2008-07-15,-0.014531373476890541,-0.014097171906284234
2008-07-16,-0.016636672367056238,0.024547332380510323
2008-07-17,-0.012920167671345517,0.01000338288567848
2008-07-18,-0.008797404345873838,0.006229559799572515
2008-07-21,0.011108376476549275,0.0005559526712877183
2008-07-22,-0.021754226178090752,0.011344673884482459
2008-07-23,-0.024668418441099016,0.005412662140266589
2008-07-24,0.004564326857308454,-0.020753468144406928
2008-07-25,-0.004291419927126727,-0.00023904889466719315
2008-07-28,0.0027051249739017402,-0.014663818918368432
2008-07-29,-0.011905621901092622,0.021352497848272423
2008-07-30,0.0039816527861068485,0.017817245867830955
2008-07-31,-0.001044975217898536,-0.013226336857039445
2008-08-01,-0.00873349586246606,-0.0052826937281067465
2008-08-04,-0.0165621935422553,-0.009273950237085993
2008-08-05,-0.01182478365334231,0.026962336171825196
2008-08-06,-0.0012798569675948426,0.004440422710593639
2008-08-07,0.0028484505963063027,-0.014891908854828606
2008-08-08,-0.015924639100544202,0.01858142453747047
2008-08-11,-0.015009776844047473,0.010357622693347501
2008-08-12,-0.003073346518051319,-0.010404468098830888
2008-08-13,0.01475264272880102,-0.00603018593982052
2008-08-14,-0.010911401656634104,0.007544465750265239
2008-08-15,-0.010502218333606834,0.004863035697165952
2008-08-18,0.007734042320868717,-0.013674101862294008
2008-08-19,0.01158817211533573,-0.010904469891796165
2008-08-20,0.002077539875920631,0.0046465057795492815
2008-08-21,0.022924577114853628,0.0017241664526803646
2008-08-22,-0.01720631305340455,0.014475712765185778
2008-08-25,-0.0003084744694480388,-0.020285471476370165
2008-08-26,0.0015214318545861971,0.002913138379333269
2008-08-27,0.004150832398602662,0.00973420501938782
2008-08-28,-0.003676787684818457,0.01212746281760091
2008-08-29,-0.0035473424740116353,-0.010753296946473867
2008-09-02,-0.01774268855222731,-0.00621204144742693
2008-09-03,0.0035857471740741165,-0.0008592805112528357
2008-09-04,-0.006130399764510944,-0.03010657109641124
2008-09-05,-0.0017487420687503825,0.003144804398861112
2008-09-08,0.0053421081690028975,0.020655368826631992
2008-09-09,-0.002859454465521124,-0.029687210830449895
2008-09-10,0.00019376382103641898,0.004058021059741845
2008-09-11,0.0013341576249789782,0.014468156383300457
2008-09-12,-0.004433412912277057,0.00462076696923952
2008-09-15,0.0022630505373399954,-0.047584998775767606
2008-09-16,0.008595273264970633,0.01673772784905081
2008-09-17,-0.010355546063188966,-0.04496316643255183
2008-09-18,0.010874244722220573,0.029671366984886927
2008-09-19,-0.0016678043143692652,0.03971379652935103
2008-09-22,-0.014301105124342054,-0.022639140659552415
2008-09-23,-0.005724858771480027,-0.0227516207231081
2008-09-24,-0.0019132974486698227,0.0032055070787726514
2008-09-25,3.329504141225126e-05,0.015639232909514522
2008-09-26,0.003756101275242655,0.0004967145692145181
2008-09-29,-0.011985543195840071,-0.07836166618139606
2008-09-30,0.002593014756130902,0.04138954398812977
2008-10-01,0.0014062001433900646,0.0006037243638734591
2008-10-02,-0.016971517089235538,-0.036274107375021014
2008-10-03,-0.010217735529435687,-0.013500434977877784
2008-10-06,-0.001223533459873619,-0.050933126380715454
2008-10-07,-0.0298676801247509,-0.04478598122795163
2008-10-08,-0.013647750723960812,-0.025192711222315034
2008-10-09,-0.032566832585018135,-0.06983921248201119
2008-10-10,0.02563078749549685,-0.024255238560708214
2008-10-13,0.014647996217957909,0.1451972188291879
2008-10-14,-0.02639309526273755,-0.014800262264954456
2008-10-15,-0.03686079259898596,-0.098447747317438
2008-10-16,0.017708054481894792,0.04165765703293767
2008-10-17,-0.0037744425317271695,-0.005971800095268098
2008-10-20,0.005442833592523325,0.06007857741617628
2008-10-21,-0.006120015073304397,-0.029854549777467487
2008-10-22,-0.014221182823175305,-0.05445480951173076
2008-10-23,-0.005782184515222276,0.011584283169401521
2008-10-24,-0.023896573823533752,-0.050714015871363816
2008-10-27,-0.018890306929033745,-0.035501150002189674
2008-10-28,0.04458264137834089,0.11685487546416318
2008-10-29,-0.013000349460156713,-0.007252488910061805
2008-10-30,0.012254239560950952,0.03459393730127114
2008-10-31,0.01644741849490409,0.005503721833857167
2008-11-03,-0.009820013033383458,0.002891649813955066
2008-11-04,0.015369948311630188,0.03398234462563687
2008-11-05,0.008575983749388616,-0.04202747406172047
2008-11-06,-0.005122054744688187,-0.055411780929857435
2008-11-07,-0.005066551154201238,0.03301786889106051
2008-11-10,0.0029480764329671283,-0.013104224448307056
2008-11-11,0.0033379030830220646,-0.030875445363253373
2008-11-12,0.006297712063630501,-0.04400177507314307
2008-11-13,-0.015602340909084356,0.06234041808143531
2008-11-14,0.014857999272346323,-0.04990716178530652
2008-11-17,0.00432177409111878,-0.013276479264558882
2008-11-18,0.010313239486512638,0.018837100477901103
2008-11-19,0.018196962316367693,-0.06407904009764687
2008-11-20,0.035895223701050805,-0.0742330968067848
2008-11-21,-0.011816067333549396,0.053943217246791964
2008-11-24,-0.012504917165417906,0.06929010799681934
2008-11-25,0.023292379013714393,0.007409483412073925
2008-11-26,0.00371629237820148,0.03864151580713737
2008-11-28,0.007185135503618323,0.012588083577963038
2008-12-01,0.02591635366156353,-0.08857778205378497
2008-12-02,0.004541985050978359,0.03848449830939504
2008-12-03,0.0021941221519791165,0.024041558688236098
2008-12-04,0.012977511633823657,-0.023133638872415485
2008-12-05,-0.013383579442636462,0.0308325120040982
2008-12-08,-0.002970480642414841,0.03491428986348932
2008-12-09,0.014141966938186146,-0.016483126842823936
2008-12-10,-0.0016695655635917128,0.00681527364948975
2008-12-11,0.004004649570387375,-0.0240814847805223
2008-12-12,0.0013990193327039213,0.01193959017019508
2008-12-15,0.006780627749423784,-0.013934040454644303
2008-12-16,0.020302830632328073,0.04706556691516828
2008-12-17,0.016967610845945003,-0.009687092086650195
2008-12-18,0.013869111681871549,-0.018682731603189007
2008-12-19,-0.0011197640054810831,-0.0043015240208084116
2008-12-22,-0.005150557904478492,-0.012813016515203057
2008-12-23,-0.0009112164870432315,-0.010337694454633284
2008-12-24,-0.0015769549955532702,0.005803208781675728
2008-12-26,0.00432812119415904,0.005769182722650257
2008-12-29,0.0005030049466998032,-0.002868165089568997
2008-12-30,0.0054660360280939235,0.02370327089095703
2008-12-31,-0.01597999280451129,0.01427343567501893
2009-01-02,-0.020057006767124113,0.030142247596404603
2009-01-05,-0.01594277992794076,-0.0011831165055272708
2009-01-06,-0.0009942217082240896,0.006677346666322803
2009-01-07,-0.007943035755994162,-0.02995668007713259
2009-01-08,0.007516016685661671,0.004081165567412226
2009-01-09,-8.398267309957675e-05,-0.021419051973924574
2009-01-12,-0.007009489482258176,-0.024020407748754913
2009-01-13,0.001084292546343383,0.001839598775597695
2009-01-14,0.002868775641434876,-0.03145464054167946
2009-01-15,0.0027834540612677503,0.0003561738988997476
2009-01-16,0.0014092214536984473,0.007819465662926905
2009-01-20,0.006724836415334279,-0.052786103336172285
2009-01-21,-0.014956834401617656,0.04319235247015962
2009-01-22,-0.006914759785818125,-0.015467176823806272
2009-01-23,0.013025542440494068,0.004350365349161445
2009-01-26,-0.002159135826770705,0.006858572970801502
2009-01-27,0.007889375992991294,0.01015778245842447
2009-01-28,-0.014089084561849465,0.033834082907875374
2009-01-29,-0.00407573894158079,-0.03249789722163954
2009-01-30,0.0055436292037041035,-0.020343175731988183
2009-02-02,-0.00011098939022121182,-0.003018037636570936
2009-02-03,-0.012198168416145773,0.014046592890600174
2009-02-04,-0.0001871138452712211,-0.004895733265817825
2009-02-05,0.004587448010546261,0.014880271173420612
2009-02-06,-0.005018524015363253,0.028497082985252442
2009-02-09,-0.0043267237143326245,0.001379599863729597
2009-02-10,0.018839399941023977,-0.045809323670084945
2009-02-11,0.014581014918917907,0.005896117481614782
2009-02-12,-6.448797288690234e-05,0.0007174697471301617
2009-02-13,-0.01371219304831635,-0.010757643460459598
2009-02-17,0.02643294805882375,-0.04277414253796774
2009-02-18,-0.00016932798425461915,-0.0023988246505192157
2009-02-19,-0.011438933039865318,-0.0107553863951807
2009-02-20,0.011252638343306698,-0.009720938595895068
2009-02-23,0.0031557902170477044,-0.03577874375576284
2009-02-24,-0.011841241735109845,0.03791027234563771
2009-02-25,-0.012429431985408171,-0.0078731026569131
2009-02-26,-0.00468104883583409,-0.016260928678086817
2009-02-27,-0.0037435893251221986,-0.022348670660403802
2009-03-02,0.0024116993264187516,-0.045042688965157285
2009-03-03,-0.005529048079346177,-0.007507341892361907
2009-03-04,-0.008375951858953401,0.02369072532591776
2009-03-05,0.022717611442550245,-0.04084785463732554
2009-03-06,-0.0007395218609988485,0.0017443789994038283
2009-03-09,-0.009106896423356658,-0.011752840606856108
2009-03-10,-0.017065074226860988,0.059609951669536754
2009-03-11,0.009697203861583237,0.006511982681476791
2009-03-12,0.011963896828329323,0.03937203623848107
2009-03-13,0.0007288459553869697,0.00781490330182777
2009-03-16,-0.00558945276500572,-0.0030226802743409387
2009-03-17,-0.005140975110823343,0.030582279200083384
2009-03-18,0.03406809228626595,0.022384421453039538
2009-03-19,0.005070081411116423,-0.012385831812312231
2009-03-20,-0.004027568354645628,-0.02129407593280952
2009-03-23,-0.00977031081977564,0.07182935912330657
2009-03-24,-0.006860694592946026,-0.019703361102902717
2009-03-25,0.002653923392487878,0.01054585950690945
2009-03-26,0.0010327887197245644,0.020380844754929406
2009-03-27,-0.007056792361857467,-0.018048786918562487
2009-03-30,-0.0017794303760159669,-0.034554598254231794
2009-03-31,0.002549094661214779,0.009264740937800386
2009-04-01,0.004878887072456151,0.01936728692840206
2009-04-02,-0.024497371827343573,0.029237166260639436
2009-04-03,-0.013626201264451798,0.00994820445857414
2009-04-06,-0.026487039523035216,-0.007832816433101186
2009-04-07,0.017239372329946656,-0.02332507399491024
2009-04-08,-0.0014987002146591433,0.010777572037240946
2009-04-09,-0.0034638384671937805,0.03974336493265218
2009-04-13,0.018190241446344402,0.00023297517283427105
2009-04-14,-0.005803305903222533,-0.01724346756676176
2009-04-15,0.0014878934340316619,0.010669657683868072
2009-04-16,-0.019314313616071388,0.014662450437840313
2009-04-17,-0.006875613036671613,0.006705391855416076
2009-04-20,0.02030034854210716,-0.04191524642670075
2009-04-21,-0.0006900236998221843,0.019536914748347955
2009-04-22,0.0056392895294219425,-0.006113026618773665
2009-04-23,0.01625092518853677,0.009818078160000132
2009-04-24,0.010360339384325012,0.015110492427023337
2009-04-27,-0.007913498381772466,-0.009462009682393635
2009-04-28,-0.014155736501410554,-0.0031458199835304734
2009-04-29,0.006609707476406657,0.021269497150306238
2009-04-30,-0.012000511332669439,0.00034296629720342864
2009-05-01,-0.004666777897712303,0.005376523559206703
2009-05-04,0.04444034921124862,0.03401940100189482
2009-05-05,-0.004929743033281864,-0.0034108608629770387
2009-05-06,0.008741174803255536,0.01733489492401241
2009-05-07,-0.024144501915703553,-0.013892157525754567
2009-05-08,0.01697509167554878,0.023332639154476364
2009-05-11,-0.009959506795304274,-0.018713779232670924
2009-05-12,-0.002547845705069718,-0.002958499060273456
2009-05-13,-0.03175577211306441,-0.025173684840215427
2009-05-14,0.012786448583449905,0.008570524487898856
2009-05-15,-0.004911050855014809,-0.008162357246414342
2009-05-18,0.04079494397533556,0.028406955717928506
2009-05-19,0.008005914895595434,-0.0012054087552587633
2009-05-20,-0.00018735725226221023,-0.0066945650567136195
2009-05-21,-0.018502704567761707,-0.014363107405471642
2009-05-22,0.0005802052641759037,-0.002129669070101592
2009-05-26,0.024618394875352667,0.025612320811575495
2009-05-27,-0.009206717763282135,-0.01785329977900918
2009-05-28,0.021216737552412046,0.013939536007408604
2009-05-29,0.013787485336391736,0.01770827419857235
2009-06-01,0.034999221266919976,0.02420853015886415
2009-06-02,-0.0014738209543758703,0.0008440137268936887
2009-06-03,-0.022744255098650447,-0.012651500370190027
2009-06-04,0.012038177344208867,0.009396515568780073
2009-06-05,-0.003048927062990166,0.0002115941277465172
2009-06-08,-0.006859026701582449,-0.0041251027815776276
2009-06-09,0.007246775633010497,0.005097994838696662
2009-06-10,0.0036785437442093576,-0.0025365074919971864
2009-06-11,0.01286028429823897,0.004449708459220547
2009-06-12,-0.008597488068046905,0.002742310839915163
2009-06-15,-0.030751622440425987,-0.022927936557799233
2009-06-16,-0.01212597951212202,-0.013563087635609206
2009-06-17,0.000381655226644499,-0.000982428146696801
2009-06-18,-0.0021733027992462866,0.007318340909859167
2009-06-19,0.010533233770716318,0.0036863027736799836
2009-06-22,-0.03275465468536146,-0.02998743132501569
2009-06-23,0.005787854015647076,0.0007842350706452894
2009-06-24,0.013225583029775834,0.008617860977165659
2009-06-25,0.023506881213168018,0.021748975272467996
2009-06-26,0.0018459539295157719,-0.0026069625695354093
2009-06-29,0.006037207919203776,0.009364280508097123
2009-06-30,-0.007902044743857767,-0.008090421466353193
2009-07-01,0.011481941421378225,0.004132787850560593
2009-07-02,-0.030204560828666845,-0.027293678413862987
2009-07-06,-0.003227191646786568,-0.00011119172926721266
2009-07-07,-0.02315503131157211,-0.019376422179041453
2009-07-08,-0.0074892469629576075,-0.000681698431765243
2009-07-09,0.008667221628535466,0.001932424861683879
2009-07-10,-0.006230777997011511,-0.0023817373974935885
2009-07-13,0.016239857042517885,0.024328944356064808
2009-07-14,0.007387525785943557,0.005660319185381679
2009-07-15,0.04214091539267839,0.0292465670210178
2009-07-16,0.0076827122293257055,-0.0016088325560649208
2009-07-17,0.000925142050842783,0.010954895514683871
2009-07-20,0.022504615253617466,0.010623899137851112
2009-07-21,0.0005654331849202682,0.004625454251761862
2009-07-22,0.002669414424806541,-0.00020995280006042005
2009-07-23,0.025582504697091075,0.02208317779008917
2009-07-24,0.0021608724630656218,0.004095129844071677
2009-07-27,0.004960074423470276,0.002957905633890423
2009-07-28,-0.002731582178517729,-0.00467740490863966
2009-07-29,-0.011909827872761883,-0.002451706705407286
2009-07-30,0.020586871195723257,0.010445573971979982
2009-07-31,0.005319805428973404,0.0014188913180743778
2009-08-03,0.025705446070355444,0.01649599715725003
2009-08-04,-0.0035702116506125536,0.0025893382885546767
2009-08-05,-0.006749268603200612,-0.002880254688105155
2009-08-06,-0.0077582337641759844,-0.00517837096780005
2009-08-07,0.0072228315731382615,0.013114526995069209
2009-08-10,-0.00811097428941058,-0.002075178483615603
2009-08-11,-0.011047242958007889,-0.0124769628264918
2009-08-12,0.011964696877602744,0.010728996663348589
2009-08-13,0.012727575857294966,0.007638639879519404
2009-08-14,-0.012710309800546585,-0.00767955947154475
2009-08-17,-0.03347323424701487,-0.024604997086044023
2009-08-18,0.01783035651802726,0.007934317844363159
2009-08-19,0.006003364193776155,0.008779594381343125
2009-08-20,0.01204349994575038,0.0103043929368285
2009-08-21,0.016762655804728688,0.01960538496455211
2009-08-24,0.0010744795277373893,-9.688066328150668e-05
2009-08-25,0.0035743139635258468,0.0019425151132430596
2009-08-26,-0.002973064187837678,9.680231036179876e-05
2009-08-27,0.002717178251687158,0.002229340612856401
2009-08-28,-0.0012307924688332121,-0.00019355476611138123
2009-08-31,-0.012399415030874567,-0.00889884975444355
2009-09-01,-0.02119257215342289,-0.022057726700241753
2009-09-02,-0.007369951889648692,-0.0037921016399494745
2009-09-03,0.011488171000632855,0.008314707058396875
2009-09-04,0.016121728467602882,0.014008900745148933
2009-09-08,0.021361186865277954,0.008622459516229641
2009-09-09,0.013487063925572047,0.0076744615788364445
2009-09-10,0.011075630002016057,0.01021869803813491
2009-09-11,-0.0006848135742548351,-0.00019088879973516715
2009-09-14,0.011830470128188608,0.00486785449702376
2009-09-15,0.006419623996828827,0.004179321095492794
2009-09-16,0.025005841178440104,0.015133933913400233
2009-09-17,-0.0036766596651418198,-0.0014904367251923345
2009-09-18,0.001919617390017188,0.0006375781589775809
2009-09-21,-0.0077146438036880625,-0.002529715026403312
2009-09-22,0.015793856093093323,0.0058242082062227585
2009-09-23,-0.016476846483204872,-0.008312600468560527
2009-09-24,-0.020036844684879353,-0.011018753360084288
2009-09-25,-0.0032752002256653343,-0.005333067632611543
2009-09-28,0.024013244231180453,0.017903530039445892
2009-09-29,-0.008900759430294225,-0.0030098218699737833
2009-09-30,-0.0028272214948630303,-0.0038678095369963916
2009-10-01,-0.033870070440889403,-0.02481320523474073
2009-10-02,-0.00596280588273479,-0.0046618643624550815
2009-10-05,0.021716702855759808,0.014928670486297424
2009-10-06,0.010214838219713104,0.014324326861274717
2009-10-07,0.0006403147467753945,0.0027483871709330643
2009-10-08,0.01527409860636412,0.007655914864291624
2009-10-09,0.002251333497954218,0.006097074237323419
2009-10-12,0.0042709101768886315,0.00391599286426314
2009-10-13,-0.0048201340183645636,-0.0020433739723714206
2009-10-14,0.030965594746951448,0.017215535501237555
2009-10-15,-0.003159115455482123,0.0036592026780055686
2009-10-16,-0.018389591819384044,-0.007473749551961006
2009-10-19,0.01892348433865232,0.008264935532219075
2009-10-20,-0.012332319393389005,-0.005282772643530054
2009-10-21,-0.00714727730155588,-0.00897375774411524
2009-10-22,0.01478060843679755,0.010164005820538558
2009-10-23,-0.011958361051315201,-0.011433511445121503
2009-10-26,-0.010029725259841249,-0.010825332205496419
2009-10-27,-0.013266082714013267,-0.004583022531816194
2009-10-28,-0.03727518970812804,-0.018887606639124144
2009-10-29,0.03980531801090592,0.02145367815801169
2009-10-30,-0.03247594665628151,-0.028973058633724014
2009-11-02,0.007469813492997949,0.007339074408019952
2009-11-03,0.013986394199317093,0.0031629936832737737
2009-11-04,-0.004272506756759127,0.0025798513491774866
2009-11-05,0.013305136242049837,0.018395219552812758
2009-11-06,-0.00319702481790407,0.0026204226169732614
2009-11-09,0.026389133568371543,0.02277614281499818
2009-11-10,-0.0018134593581121312,0.00018244619924234762
2009-11-11,0.011657251362565383,0.005110000148181193
2009-11-12,-0.011033680372679081,-0.010168134911022753
2009-11-13,0.011012884550647046,0.005411507300765006
2009-11-16,0.018655442779155353,0.014504655694446145
2009-11-17,-0.0043954894331907175,0.0011689203595373066
2009-11-18,0.00668472906133033,-0.0006280872997037612
2009-11-19,-0.011848537053055552,-0.01303204251583101
2009-11-20,-0.0016577556231837836,-0.003551614745120668
2009-11-23,0.012442153650213728,0.012703049201421956
2009-11-24,-0.0031630668727945506,0.0015335318067573045
2009-11-25,0.008020270149179535,0.0035138049613685496
2009-11-27,-0.019581368183766767,-0.01625049138212642
2009-11-30,0.015260744759167572,0.003376708627416347
2009-12-01,0.013369808943433684,0.012370666585644674
2009-12-02,0.004189943919226187,-0.00044953365961764025
2009-12-03,-0.004719179160331821,-0.007820211357363327
2009-12-04,-0.013549842131030868,0.005707536255230128
2009-12-07,-0.007742890108921595,-0.0015311855688954212
2009-12-08,-0.015854889580100912,-0.011097209141151532
2009-12-09,-0.0024519487098237187,0.003740048354513803
2009-12-10,6.381330451854517e-05,0.005636158556055371
2009-12-11,-0.0016004407887459569,0.004247831772967947
2009-12-14,0.006892390291576141,0.006839915922583817
2009-12-15,-0.005073747626983168,-0.004648188205271797
2009-12-16,0.011882068741014384,0.0015266022839683924
2009-12-17,-0.027382775779080173,-0.012015868167833732
2009-12-18,0.007314766183167102,0.0056573562095236785
2009-12-21,-0.009747743630897735,0.010162631791413412
2009-12-22,0.0033284238865434563,0.003592944576387369
2009-12-23,0.01038156351122595,0.001968916752673522
2009-12-24,0.0109412969361841,0.004734414470290549
2009-12-28,0.007605894306093708,0.0021337441406561464
2009-12-29,-0.00518311036548776,-0.0014194370826872138
2009-12-30,-0.0006222780128898691,-0.0003552955705851124
2009-12-31,0.001367740204600472,-0.00959820704576575
2010-01-04,0.02518118822118224,0.016959644509515037
2010-01-05,2.211357964380467e-05,0.002647153061121399
2010-01-06,0.0033259154281394627,0.000703899824546772
2010-01-07,-0.00032860410335873924,0.004220787802473369
2010-01-08,3.132178409737108e-05,0.003328024465554469
2010-01-11,-0.00046669151517834506,0.0013967851277985055
2010-01-12,-0.016861644716753516,-0.00932626725301966
2010-01-13,0.011149972297716488,0.00844636846540392
2010-01-14,-0.0017575852925355941,0.002704498790097265
2010-01-15,-0.01018909925523818,-0.011224044868783034
2010-01-19,0.014371019957367448,0.012495370494063796
2010-01-20,-0.014780552077189237,-0.010168369924455578
2010-01-21,-0.016833559775668396,-0.019229754237005126
2010-01-22,-0.021642177475311938,-0.022291290285381682
2010-01-25,0.00503867710823395,0.005127561393694746
2010-01-26,-0.006474810004238588,-0.004190774633478389
2010-01-27,0.0007614853208422661,0.004757480710552597
2010-01-28,-0.012609812659606921,-0.011472607074935692
2010-01-29,-0.011475394666540868,-0.010868578586865407
2010-02-01,0.017146682070230252,0.015550479156189345
2010-02-02,0.010641112841577463,0.012103849805252587
2010-02-03,-0.008960224391014293,-0.0049825410088557565
2010-02-04,-0.03675963466295813,-0.03086646591279718
2010-02-05,0.008418019496866231,0.002067155915016494
2010-02-08,-0.012642145415411235,-0.007219305897312789
2010-02-09,0.007938116980615306,0.012560615657846608
2010-02-10,0.0005170581006826991,-0.001958487613931692
2010-02-11,0.01484565218480216,0.010466242006088367
2010-02-12,0.006075892187900129,-0.0008324500664683709
2010-02-16,0.023105460128175492,0.01573510707291148
2010-02-17,0.004141086202587943,0.004738091913319309
2010-02-18,0.009920306778698224,0.005895287988211706
2010-02-19,-0.0008961255756293473,0.0020740801097081096
2010-02-22,0.0006148012020238033,0.00017954957890942147
2010-02-23,-0.010060695313186502,-0.012144642791288685
2010-02-24,0.004595684398955931,0.009197931954853855
2010-02-25,0.0043293005656270065,-0.001354015946909537
2010-02-26,0.0019233144145059204,0.0006330325881998
2010-03-01,0.010254401958196971,0.010384748885762463
2010-03-02,0.003717383138168865,0.0027703027853873685
2010-03-03,0.0013824577853162416,0.0008911801681843468
2010-03-04,0.004044704684527556,0.0030278244697483636
2010-03-05,0.020890516945363848,0.014293304203813806
2010-03-08,0.004621264049349039,0.0001747515740393446
2010-03-09,0.0038432400987842286,0.0016628468990995682
2010-03-10,0.00852255893477179,0.0044554479763816435
2010-03-11,0.004227347517214911,0.00417542140563687
2010-03-12,0.0025781315004693344,8.615767580777423e-05
2010-03-15,-0.002739104164891722,0.00026031011789129366
2010-03-16,0.013041874775745105,0.007965629594904433
2010-03-17,0.007823119363109605,0.005927470877260754
2010-03-18,-0.0017085984768141493,-0.0005122811728724974
2010-03-19,-0.009796919241004712,-0.005061762481396448
2010-03-22,0.01192933969164119,0.005346406775696977
2010-03-23,0.005598307385903759,0.007033087059000964
2010-03-24,-0.0035756029600770844,-0.004854898892837078
2010-03-25,-0.0017693790052542753,-0.001625962278198112
2010-03-26,-0.0015488954863825215,-0.0005998627463763562
2010-03-29,0.004430514627639695,0.006347358268647518
2010-03-30,0.0016606857478438004,0.0006818282403764364
2010-03-31,-0.008241263386961073,-0.003407251939874567
2010-04-01,0.00480475349953117,0.006837801993857084
2010-04-05,0.01668744409186636,0.008149723216050564
2010-04-06,0.010565803544922536,0.0023572479222664366
2010-04-07,-0.009209884637985296,-0.0057122717026341086
2010-04-08,0.0008188300465676868,0.003463740865940368
2010-04-09,0.008700610166882134,0.006567631725732159
2010-04-12,-0.0004462457398194768,0.0015892743483354455
2010-04-13,0.010621157156268433,0.0007515435594271924
2010-04-14,0.011621175608239904,0.011349479569483956
2010-04-15,-0.00662986568965244,0.0008253000155415968
2010-04-16,-0.016108991631226883,-0.015912368737857174
2010-04-19,-0.00034868768938241734,0.0037699367884349577
2010-04-20,0.011879264425268321,0.008930912826153437
2010-04-21,0.010007041991028382,-0.0018199963093045168
2010-04-22,0.010536233654081443,0.0029835062117073985
2010-04-23,0.00935220346866646,0.006527885307891834
2010-04-26,0.000668212644802546,-0.0037766893864797924
2010-04-27,-0.025356887694541176,-0.023650207844261528
2010-04-28,0.001792695964638972,0.007595703770818307
2010-04-29,0.027899465750878944,0.012397659103092762
2010-04-30,-0.02669865248706397,-0.01696131136250334
2010-05-03,0.02325106861469709,0.012961508113603415
2010-05-04,-0.028066048215274322,-0.02351459372194098
2010-05-05,-0.011087778854612207,-0.0059566450014402195
2010-05-06,-0.03732085299042827,-0.03321339300631143
2010-05-07,-0.023516038290822123,-0.014874856849447449
2010-05-10,0.05802759424114338,0.04404053144678999
2010-05-11,0.00384588253189518,-0.0028407054127747022
2010-05-12,0.02188316156274979,0.0139856636312361
2010-05-13,-0.013909033865726653,-0.012430355069414145
2010-05-14,-0.023419918610764607,-0.018104862054933668
2010-05-17,0.002145955791568325,0.0005261684788608889
2010-05-18,-0.019434513105639373,-0.013602334509159153
2010-05-19,-0.009688093750056673,-0.005693931997810875
2010-05-20,-0.04636020144475257,-0.037759243793015984
2010-05-21,0.019811036180113595,0.01459960917622638
2010-05-24,-0.013242109284895665,-0.012831913319268473
2010-05-25,0.0029268205180591846,0.0010215028862394782
2010-05-26,-0.0035974532166996864,-0.006028714721192929
2010-05-27,0.04519163114254532,0.03349821606880399
2010-05-28,-0.010487452775287768,-0.012549212530571285
2010-06-01,-0.020784802491129902,-0.0168239149588576
2010-06-02,0.003004120358798675,0.026039324802806574
2010-06-03,-0.008441128478148633,0.00344426464649894
2010-06-04,-0.006431524500618234,-0.035136807084597765
2010-06-07,0.007196649339219929,-0.012450799873466645
2010-06-08,0.002980131297854497,0.010712098350599497
2010-06-09,0.0003960522443675618,-0.005346406358394451
2010-06-10,0.004076367982246939,0.029231893929466457
2010-06-11,0.011122311411466912,0.004855536230997215
2010-06-14,0.001283429647499427,-0.0015500768865611692
2010-06-15,0.009939240784549996,0.022737526745916226
2010-06-16,-0.0029460993526038886,-0.0003566076080956382
2010-06-17,0.0077769567355610025,0.001606898049316241
2010-06-18,0.0009606432870189845,0.0010845570461481824
2010-06-21,-0.01017968361259606,-0.0028640790830811724
2010-06-22,-0.0029979698037419684,-0.016515779899954564
2010-06-23,0.0017718348304791942,-0.0031030917262077073
2010-06-24,-0.00807349259871785,-0.016570261526733132
2010-06-25,0.013775298122081926,0.0041891369387454525
2010-06-28,-0.005337471523930714,-0.003152182785833735
2010-06-29,-0.006780327020975567,-0.030874620079264337
2010-06-30,-0.00017702680921527535,-0.009499984345279766
2010-07-01,-0.013665816796434672,-0.004456972282387617
2010-07-02,0.0008782893599235115,-0.0054495789212740675
2010-07-06,-0.002020481261433578,0.006555874895945557
2010-07-07,-0.0014607874644954424,0.03149605833853997
2010-07-08,-0.004402184478845328,0.009895105446027452
2010-07-09,0.0004883332051898539,0.007465983380936736
2010-07-12,-0.0024434346799117415,0.0006483631411748902
2010-07-13,-0.0016112156237712743,0.015088218457728564
2010-07-14,0.004847059594969967,-9.120063557699343e-05
2010-07-15,0.004848424968090569,0.0002737192719621806
2010-07-16,-0.0008465057592072309,-0.027534610192578413
2010-07-19,-0.0056053576638951386,0.005906105379078985
2010-07-20,0.0034977844194474064,0.011091860475548998
2010-07-21,0.005486429879107672,-0.012997859112409693
2010-07-22,-0.0027832464316777847,0.022321755153720257
2010-07-23,-0.0068116243305075255,0.008678966103756514
2010-07-26,-0.002309506266839308,0.01041582062329538
2010-07-27,-0.010165143962995577,-8.946572431856037e-05
2010-07-28,0.003311377749912599,-0.006454462232003522
2010-07-29,0.0020908638233856727,-0.004872477568994449
2010-07-30,0.010638201075325796,-0.0001814512202158447
2010-08-02,-0.005566199126415056,0.02258113099636261
2010-08-03,0.004789256071106918,-0.004789080601482643
2010-08-04,-0.001839154843063258,0.006683558860555161
2010-08-05,0.003899097961747329,-0.0010627002092931104
2010-08-06,0.00826809158773926,-0.004076192118062982
2010-08-09,-0.002545562235513832,0.005338490096164605
2010-08-10,0.0033250452033410927,-0.005398744463015914
2010-08-11,0.005248512140319812,-0.02740686474509102
2010-08-12,0.0023880491340294943,-0.006129549708285942
2010-08-13,0.005506881450993724,-0.0029459048406136334
2010-08-16,0.01353436186588867,-0.0004615933127160021
2010-08-17,-0.003538729850249611,0.01228523167400919
2010-08-18,0.0018643987677703364,0.0018247152713735115
2010-08-19,0.00716304082958034,-0.01739676003618229
2010-08-20,-0.0026210675461414423,-0.0032445023657732275
2010-08-23,-2.4419479044598068e-05,-0.003812729679246729
2010-08-24,0.009598793765683919,-0.014843324405973357
2010-08-25,0.00017442373228615526,0.0038855644755304564
2010-08-26,0.0035547217146128704,-0.0067020431040336614
2010-08-27,-0.013130958758094743,0.015489789745865679
2010-08-30,0.008665100541317527,-0.014504888221671952
2010-08-31,0.008404248524442881,0.0
2010-09-01,-0.010691203659253024,0.029911207492278047
2010-09-02,-0.0006763679047685116,0.00931252750759759
2010-09-03,-0.0011591389461940898,0.012971487774239954
2010-09-07,0.004338152021854909,-0.011272443206713167
2010-09-08,-0.0028686377007389368,0.007023084443829042
2010-09-09,-0.013065341065468822,0.004619178843037641
2010-09-10,-0.0006927769553410899,0.005048397951481265
2010-09-13,0.008691513376654672,0.011123256483605015
2010-09-14,0.003635802224770372,-0.0006209839539292883
2010-09-15,-0.0032103546268044863,0.003817538549799382
2010-09-16,-0.006202177084830876,-0.00026604386058759477
2010-09-17,0.0031082771542660925,0.0003742993650983628
2010-09-20,0.0110877950322259,0.015290267798976354
2010-09-21,0.002856411914530529,-0.002014353393090307
2010-09-22,-0.0010230368982500444,-0.004913231672539653
2010-09-23,-0.006793920634283154,-0.00811105235297016
2010-09-24,0.0032955618149255912,0.020622000820461395
2010-09-27,0.004269434025703419,-0.004789858740116282
2010-09-28,0.00473284719235778,0.00350020334943113
2010-09-29,-0.004799168657082001,-0.0017439094351907602
2010-09-30,0.00033813311945200353,-0.0029702917991418776
2010-10-01,-0.0007681680417147183,0.004205679486494418
2010-10-04,-0.009439352853236344,-0.007503852441911318
2010-10-05,0.023599194226059383,0.020131348224309065
2010-10-06,-0.0002444408571518807,-8.538001445812515e-05
2010-10-07,-0.002863621497644778,-0.001206888314621346
2010-10-08,0.008490250206644992,0.005608801814798614
2010-10-11,-0.0004926836250965053,0.0009437986212392779
2010-10-12,0.00020191667329246443,0.0030861186782757954
2010-10-13,0.012649540281641853,0.007777351593469373
2010-10-14,0.001097182742128111,-0.0039011023293620273
2010-10-15,0.005549074597616554,0.002043224512378705
2010-10-18,-0.000334048004932456,0.004928180826412776
2010-10-19,-0.021015729259638682,-0.013104607212429342
2010-10-20,0.01399544092318387,0.009765922141667938
2010-10-21,-0.0011476927876229817,0.0022057651566405045
2010-10-22,0.003512503667595516,0.0018625319992040534
2010-10-25,0.006514332023414818,0.002957223349094429
2010-10-26,-0.0015316701030381186,0.00016854659090537183
2010-10-27,-0.0078477631569502,-0.0028641300250680235
2010-10-28,0.005409611123156003,0.00016934279076075143
2010-10-29,6.066428967029425e-05,0.0007602535915194331
2010-11-01,0.0023802449845303037,0.00033752038370482573
2010-11-02,0.0091610111381486,0.007930583373971567
2010-11-03,0.0012486838068286321,0.004017273796456555
2010-11-04,0.022964717422947624,0.019258090374231873
2010-11-05,0.00024020024312384114,0.003762538566411955
2010-11-08,0.002481776116947073,-0.0018739300173332696
2010-11-09,-0.011307768284811873,-0.007184364148432376
2010-11-10,0.008187000605470876,0.004029294162840147
2010-11-11,-0.004351402625896321,-0.003767468113835659
2010-11-12,-0.0231056568494545,-0.01183839966339828
2010-11-15,-0.004579985776902587,-0.0014143066589468178
2010-11-16,-0.017896450120809388,-0.01557915540008925
2010-11-17,0.001167688780874994,0.00050786517160617
2010-11-18,0.017663050974919454,0.014718141498838211
2010-11-19,0.0007468830630011543,0.0027508417579140687
2010-11-22,0.005019377401520217,-0.000831342256619183
2010-11-23,-0.013536647346148196,-0.01447682070112577
2010-11-24,0.013872169793773629,0.01477380113846083
2010-11-26,-0.013125954655099024,-0.011647172120374139
2010-11-29,0.0033529563076829523,0.0030301819424165544
2010-11-30,-0.0020087050406319236,-0.005622273170868719
2010-12-01,0.015801969475035205,0.021267186596630072
2010-12-02,0.01101498539525288,0.012809054141428966
2010-12-03,0.0041617046096792025,0.002692567462827977
2010-12-06,0.0015941830290798762,-0.0010577481962222857
2010-12-07,0.0023020367085332762,0.000570279801635154
2010-12-08,0.0022406967357045207,0.0036631861078735284
2010-12-09,0.0027386038433646984,0.0038938566783099926
2010-12-10,0.00832337259736482,0.005817967175882677
2010-12-13,-0.0026628083099041375,0.0006425576384969656
2010-12-14,0.0007357912906958235,0.0008831112379505957
2010-12-15,-0.004029383530946691,-0.004572459032880394
2010-12-16,0.007589636588980116,0.005802272634613415
2010-12-17,0.001679410899680045,0.001071349814366851
2010-12-20,0.00237351345693404,0.0024131195884380396
2010-12-21,0.007831786724675549,0.006340342538625032
2010-12-22,0.000878609158858068,0.003109778491050541
2010-12-23,-0.0017500919964736905,-0.0014309002555469297
2010-12-27,0.0013316281085656485,0.000398409936444466
2010-12-28,-0.0010599224195821932,0.0014326193722471459
2010-12-29,0.00168982183524465,0.0007148865563797457
2010-12-30,-0.0019541134392004516,-0.0015883954530596656
2010-12-31,-0.0033407805777936703,0.00023916870413298597
2011-01-03,0.014109272170773365,0.010337686215368569
2011-01-04,-0.009639837920065323,-0.0005511397125755879
2011-01-05,0.010286268876915564,0.005197972133936135
2011-01-06,-0.00494821590227675,-0.001958797310861904
2011-01-07,-0.0034222520571755375,-0.001962326912188561
2011-01-10,0.0070966455180851975,-0.0012587433653177271
2011-01-11,0.005591934017652678,0.0035441939357150343
2011-01-12,0.007395028224678338,0.009024592468850567
2011-01-13,-0.00048461840403017187,-0.0016332766112933106
2011-01-14,0.006530163947970235,0.00724437952163548
2011-01-18,0.0008267790463930926,0.001701801325725505
2011-01-19,-0.012708484626736422,-0.009805328603292529
2011-01-20,-0.009178331739173373,-0.0013255559462630462
2011-01-21,-0.0014128836936163625,0.0022640919232437273
2011-01-24,0.004209682507923085,0.005686768412680898
2011-01-25,-0.003221795404632595,0.0005420773148254732
2011-01-26,0.014505037621417083,0.0038710362473426407
2011-01-27,0.00016311270686001668,0.0024675170436743166
2011-01-28,-0.012396929438384108,-0.017462727215721396
2011-01-31,0.009161607677044731,0.007516436071043131
2011-02-01,0.016067476043169788,0.016008648564416195
2011-02-02,0.0013560991282662118,-0.0019125054265874963
2011-02-03,-0.00026663171821580045,0.00222304622719105
2011-02-04,-0.0003216144674207757,0.002828972833933685
2011-02-07,0.0044509068725095595,0.006252036372537573
2011-02-08,0.006086524951578687,0.004546808239076716
2011-02-09,-0.0006104160091062738,-0.0022633410595646053
2011-02-10,-0.0005143586689308293,0.00037824346614723225
2011-02-11,0.004443586048990275,0.005970274333472858
2011-02-14,0.00413595401819992,0.0024035984605399463
2011-02-15,-0.007232253702537697,-0.003147294667858458
2011-02-16,0.007250465867739327,0.006315518110832086
2011-02-17,0.004382578619665326,0.002988504851704432
2011-02-18,0.0007071657279258032,0.0020856529971393645
2011-02-22,-0.015713118909656616,-0.020069939002731907
2011-02-23,-0.0003480992960881073,-0.0061440387932476526
2011-02-24,-0.001058086420536693,-0.000687562969212907
2011-02-25,0.018632225979599903,0.0106931597425175
2011-02-28,0.0029924851816851557,0.006196817074602956
2011-03-01,-0.0071961614198557955,-0.016673520156375465
2011-03-02,0.003444450374113191,0.0021384634811376646
2011-03-03,0.013207342476965348,0.01722479117372533
2011-03-04,-0.002295619919722861,-0.007492420704444225
2011-03-07,-0.009608929995076712,-0.007850740268012468
2011-03-08,0.005481593558356387,0.008750239534040638
2011-03-09,-0.00048045895448015985,-0.0014335097189553947
2011-03-10,-0.020154914168146444,-0.018505917626923885
2011-03-11,0.0012734083779858405,0.0069260660218140035
2011-03-14,-0.0028959168670364965,-0.006037501798859757
2011-03-15,-0.018961080691050736,-0.011457353996119912
2011-03-16,-0.007513765433982337,-0.018512805195230686
2011-03-17,0.015486950658388565,0.013235043939487712
2011-03-18,0.007550887241491925,0.0036373149523272197
2011-03-21,0.014454992318066424,0.015498086590380211
2011-03-22,-0.00046332953920720944,-0.0034687185923656383
2011-03-23,0.0026494714934096235,0.002861861390474729
2011-03-24,0.006595449755426289,0.009563129512382806
2011-03-25,0.004803946103207668,0.003055754769674124
2011-03-28,-0.00604975973607924,-0.0024370652272669435
2011-03-29,0.007262666756614762,0.0067185690710012125
2011-03-30,0.00616419035744283,0.0069011552371551765
2011-03-31,0.005915850946244324,-0.0013557184649969356
2011-04-01,0.0048343308293882226,0.004223934958840214
2011-04-04,0.003559533416693054,0.0008261339943005375
2011-04-05,0.0024741979573100386,-0.00015027287711666393
2011-04-06,0.0018807993108203025,0.0031520090255197086
2011-04-07,-0.005045153695641661,-0.002543484396613782
2011-04-08,0.0020002407980408785,-0.003450303248402231
2011-04-11,-0.008906696334585629,-0.00301082449675516
2011-04-12,-0.011753351819763003,-0.007473486137668739
2011-04-13,0.0025310002188482224,-7.638721575664587e-05
2011-04-14,0.0072229800249156515,0.0007601336407583315
2011-04-15,0.00956426582507075,0.0036489811967708174
2011-04-18,-0.010536321200985502,-0.011208651865041608
2011-04-19,0.0028124533370669593,0.005744277609321724
2011-04-20,0.015992184092808188,0.01363174551236801
2011-04-21,0.007138388521875797,0.005109046595308975
2011-04-25,0.0008424563181414306,-0.001046329284795644
2011-04-26,0.006139875737068941,0.008605290774792218
2011-04-27,0.006461583327595092,0.006528362955295242
2011-04-28,0.003559924472568513,0.003243304255830637
2011-04-29,0.0027553192751630373,0.0023514546403071712
2011-05-02,-0.0070890604896868634,-0.0015394465338854912
2011-05-03,-0.008874142328496482,-0.0035973603430450307
2011-05-04,-0.01442505623016114,-0.006630837276696666
2011-05-05,-0.03346494234872584,-0.009048210552143887
2011-05-06,0.00497681765257844,0.004415609585964875
2011-05-09,0.02089238052240668,0.0038750423262066125
2011-05-10,0.009316072676957145,0.008536082300053982
2011-05-11,-0.01991810945518383,-0.010524670001053615
2011-05-12,0.003397303868483803,0.004760436650327771
2011-05-13,-0.006252339414062113,-0.007699372760850087
2011-05-16,-0.009826760546183625,-0.006341317115084233
2011-05-17,-0.0016834954304758194,-0.00014997714366316028
2011-05-18,0.013830002212152765,0.008935885611069061
2011-05-19,-0.001780942117235044,0.002381487152652184
2011-05-20,0.004869911319981379,-0.007944458980571945
2011-05-23,-0.01056333542342976,-0.01160099637562717
2011-05-24,0.00461725841068424,-0.0008331040363327435
2011-05-25,0.010211856167899769,0.003334589465932236
2011-05-26,0.004813077885498414,0.004607486335851618
2011-05-27,0.007509868717582967,0.0038346471391312864
2011-05-31,0.00649232596921323,0.010410803338515517
2011-06-01,-0.01497875018070238,-0.02246064865022457
2011-06-02,-0.00017357844152528657,-0.0010618627602753117
2011-06-03,0.0012659366854228158,-0.009944392820188441
2011-06-06,-0.009673722690096104,-0.010581073031654897
2011-06-07,0.005997866698181882,-0.0006199755119730144
2011-06-08,-0.00467708804066728,-0.0041873921056038155
2011-06-09,0.0006895052391547494,0.007631405864130469
2011-06-10,-0.01853989226985553,-0.013910253062303979
2011-06-13,-0.0024800659113185146,0.0007835193530063567
2011-06-14,0.012030944953478635,0.01268628118979187
2011-06-15,-0.011488778379890263,-0.017785658430321205
2011-06-16,-0.0002351102069161337,0.002204658169526974
2011-06-17,0.005786673316391451,0.0029839194104148703
2011-06-20,0.003738992513708572,0.005115999746991173
2011-06-21,0.010357317890398841,0.01370385683020614
2011-06-22,-0.003802576430863606,-0.006025395814428958
2011-06-23,-0.013033695307554419,-0.0028755930794923668
2011-06-24,-0.005207751178454327,-0.0116135871537002
2011-06-27,0.004097394168120679,0.008910922577684666
2011-06-28,0.008505014938281631,0.013053448141729262
2011-06-29,0.008698428019159321,0.008564134942127266
2011-06-30,0.0018274250815250765,0.009562196336966089
2011-07-01,0.006857957193105335,0.014775885310774006
2011-07-05,0.010869685105299766,-0.0008209667855589853
2011-07-06,0.005969791811177849,0.0011957152904422674
2011-07-07,0.0034441418757420092,0.010375328888709179
2011-07-08,0.0055831039637957245,-0.007092213675071846
2011-07-11,-0.0002685792141711536,-0.018080425921938925
2011-07-12,0.004208376444304237,-0.004319114201094876
2011-07-13,0.0002493936217445869,0.0033486589262066158
2011-07-14,-0.004143862454591751,-0.006902582962773907
2011-07-15,0.006473431038320912,0.005805018183832056
2011-07-18,0.0004019146897373074,-0.008201066003559188
2011-07-19,0.0025577137500563864,0.01623103123286862
2011-07-20,0.0037211390552102466,-0.0006026851483127427
2011-07-21,-0.001716477563444581,0.013871465654461623
2011-07-22,0.005692926292089728,0.0006691753108580833
2011-07-25,-0.0015694834704251814,-0.005572953222341748
2011-07-26,0.003064974540713564,-0.003736024422884676
2011-07-27,-0.011125126827864188,-0.02047596100691118
2011-07-28,0.0012549157851387733,-0.0029092351196530197
2011-07-29,0.006144823060345953,-0.006834516815794944
2011-08-01,-0.005345342244265231,-0.004252896287581298
2011-08-02,0.021110849039604508,-0.025547531680832125
2011-08-03,0.0008623861172334379,0.005418893007635539
2011-08-04,0.014515730657701323,-0.046841470442814614
2011-08-05,-0.011172663839822218,-0.0014966310726348686
2011-08-08,0.02689355202025719,-0.06512372806834321
2011-08-09,0.005919862933270477,0.046499550532985046
2011-08-10,0.026127743875073918,-0.04417797684587588
2011-08-11,-0.029027094645573365,0.04488417739838635
2011-08-12,0.0073999313979848935,0.006733063185625721
2011-08-15,-0.0010236609342964371,0.02116483676729075
2011-08-16,0.011164153875235467,-0.008539241971597278
2011-08-17,0.009130782861324516,0.0006689883291688403
2011-08-18,0.014892436068234094,-0.043118492639905526
2011-08-19,0.007225098843896955,-0.016330440989222983
2011-08-22,0.007146930833599148,0.0007988061472621322
2011-08-23,-0.018441216307514347,0.03291057480825632
2011-08-24,-0.02434668906774336,0.014084669251273052
2011-08-25,0.007037131473064543,-0.015244133013489924
2011-08-26,0.014239128612238451,0.01453383549790499
2011-08-29,-0.013526179210293235,0.028736051265797924
2011-08-30,0.017651074283294783,0.0026370076360020533
2011-08-31,-0.008913299403406683,0.0044378232077557644
2011-09-01,0.010004483196181116,-0.010472507149193677
2011-09-02,0.02394865585673885,-0.025550179412981544
2011-09-06,0.0032945324904550817,-0.00729767842136364
2011-09-07,-0.01875284074456503,0.028207579459216925
2011-09-08,0.013525434644583445,-0.010391393034632768
2011-09-09,0.0031448388386395108,-0.02620967169922228
2011-09-12,-0.008096802987093882,0.006469878145958008
2011-09-13,-0.0022015460664529894,0.009171044513984539
2011-09-14,0.0005307514908901023,0.013844285159505754
2011-09-15,-0.012868302306802692,0.017257157341473484
2011-09-16,0.0061808468116684905,0.005918700490539219
2011-09-19,0.003929563132582081,-0.009956933823558667
2011-09-20,0.006594654982458037,-0.0011641813602843998
2011-09-21,0.008303370496288414,-0.029457780878643036
2011-09-22,0.006909549565744298,-0.03232479277170275
2011-09-23,-0.027195482002311512,0.0060250358417306416
2011-09-26,-0.011372670017307388,0.023780338937023693
2011-09-27,-0.0008711914710334279,0.011183969626531898
2011-09-28,-0.00920166998923011,-0.020418329666053725
2011-09-29,0.0054650159036070765,0.007902881341254053
2011-09-30,0.011241329174436283,-0.024989219241457028
2011-10-03,0.018375368960066085,-0.02845762139278507
2011-10-04,-0.012802945936324656,0.021922963618477453
2011-10-05,5.5687488129452234e-05,0.018515483611546424
2011-10-06,-0.00632027160115726,0.018090709719500664
2011-10-07,-0.00691189285141273,-0.006695727551153885
2011-10-10,0.00034920976212989355,0.0334457878000356
2011-10-11,-0.0023981905831106376,0.0010032770134609237
2011-10-12,-0.0035983270738006623,0.0087720217986611
2011-10-13,0.0026928249093960037,-0.001987357450499383
2011-10-14,-0.004235728161165686,0.01709424488425282
2011-10-17,0.006352750693891148,-0.01909124552222019
2011-10-18,-0.004025146794141972,0.01954575011283377
2011-10-19,-0.0036554441479056767,-0.011829084017720537
2011-10-20,-0.0074308243575867215,0.004375553552559142
2011-10-21,-0.00044605888918947123,0.018987193708560834
2011-10-24,0.0035325667263913507,0.0122609205001174
2011-10-25,0.020789785817330337,-0.019443818817833303
2011-10-26,-0.004627271480987219,0.01015879644781048
2011-10-27,-0.011039531066439364,0.034835279819067644
2011-10-28,0.0056461284557499285,-0.00023347964417053113
2011-10-31,0.013208838909477622,-0.02410581349464791
2011-11-01,0.015236042756884281,-0.027888417352827877
2011-11-02,-0.0016099402722843381,0.016311403888206844
2011-11-03,-0.000898967335838015,0.018227573439042688
2011-11-04,-0.00029215654672557867,-0.006099117906521179
2011-11-07,0.010559294325354962,0.006216168196064409
2011-11-08,-0.008530536503120634,0.012830630712285185
2011-11-09,0.007064523953418203,-0.03690985685029213
2011-11-10,-0.008392676890691711,0.009418655342337212
2011-11-11,0.0019228775961325963,0.018822752454135783
2011-11-14,0.005994481221025527,-0.00947445606064179
2011-11-15,-0.0005929526519613907,0.004941968497747196
2011-11-16,0.0006974879523068043,-0.015863037762874566
2011-11-17,-0.005227586591587248,-0.01587708662134768
2011-11-18,-0.0002870958318225887,-0.0010642296159157905
2011-11-21,-0.005284432786529939,-0.019019612894737303
2011-11-22,0.008430182205067785,-0.003927590029535577
2011-11-23,0.00344281019278377,-0.02206612350037962
2011-11-25,-0.00985203323730055,-0.0018871109508138417
2011-11-28,0.006455558475150224,0.028966936564232437
2011-11-29,-0.002869997859676935,0.002840053546851573
2011-11-30,-0.0006591689083136707,0.04114964001617727
2011-12-01,-0.0030817260724542712,-0.00016010703530866532
2011-12-02,0.005212167595825249,-0.00088021569910679
2011-12-05,0.0027836002043676315,0.010892283139526171
2011-12-06,-0.004977689487222362,0.00031693703530621953
2011-12-07,0.002703343166276554,0.00372243891248325
2011-12-08,0.0002516283960530461,-0.02193645283089496
2011-12-09,-0.0037980154244207824,0.016942089128606286
2011-12-12,0.001124454557159408,-0.014597280590185169
2011-12-13,0.0009731220851164624,-0.009339193743775231
2011-12-14,0.002493689095384684,-0.010645807022862885
2011-12-15,-0.002431634181270496,0.0036145216962624183
2011-12-16,0.007218446371060875,0.0014819492882485186
2011-12-19,0.0020770497880672196,-0.010691445680455436
2011-12-20,-0.0014503564436493623,0.030260203182379097
2011-12-21,-0.010481921411356508,0.0019364411795887992
2011-12-22,0.004654441501031448,0.008858795162733246
2011-12-23,-0.0021944536059749584,0.008941081146717877
2011-12-27,0.0030151227609694535,0.0007909518833979501
2011-12-28,0.004417604301687398,-0.013123383828330337
2011-12-29,0.00341894609328038,0.010333937002491078
2011-12-30,0.0012953579210281583,-0.004915880321770372
2012-01-03,-0.0013970081769398095,0.01593638653589502
2012-01-04,-0.009139412251000678,0.0015687480253938624
2012-01-05,0.0034252864814407293,0.002662263908637108
2012-01-06,0.0006812701216365458,-0.0025772725425065035
2012-01-09,-0.0009332059488835013,0.0024273766999824975
2012-01-10,0.006028788871129712,0.008670542844374296
2012-01-11,0.006864228876267474,0.0005419181194117328
2012-01-12,-0.0021153487541356224,0.00239938331106071
2012-01-13,0.002333677497293925,-0.005173380429687513
2012-01-17,0.005577948729629911,0.0038810053678133283
2012-01-18,0.0019719160432700726,0.01105613078092249
2012-01-19,-0.0015321660807564956,0.0052767250602312465
2012-01-20,-0.00046023458492176327,0.0037268632280562652
2012-01-23,-0.0013529038427607665,-0.0025763666695641785
2012-01-24,0.002770401525847436,-0.0011395946347051433
2012-01-25,0.006275872771417353,0.008367010010785991
2012-01-26,0.005042770582652086,-0.00512968901320543
2012-01-27,0.0010039640982864397,-0.00045496433853986495
2012-01-30,0.0003072912197741675,-0.0034138601859392548
2012-01-31,0.005352116102805985,-0.0003802600269942058
2012-02-01,0.0020631438155150152,0.008757159508460566
2012-02-02,0.001081110809400284,0.0015852827641105183
2012-02-03,-0.005158992366799916,0.01401863002635162
2012-02-06,0.0031826947559510472,-0.0006688807466064262
2012-02-07,-0.007126603092334444,0.0025288257134896686
2012-02-08,0.0009989191648284526,0.0029677345654124387
2012-02-09,-0.005685935830182694,0.0012571646654719881
2012-02-10,0.0031210847789191476,-0.007387623331398863
2012-02-13,0.0035906949416153093,0.007442606504860505
2012-02-14,-0.0009428242136848564,-0.0012555861868832618
2012-02-15,-0.0023301011336056923,-0.004660015299244313
2012-02-16,-0.0006681299156108635,0.01107276461152451
2012-02-17,-0.00016757022611021033,0.002646188736825872
2012-02-21,-0.010081793749708412,0.0004393515594280917
2012-02-22,0.002676053457247048,-0.0032237825797154507
2012-02-23,0.00463910500219559,0.004410914980608194
2012-02-24,0.002856767248620606,0.0021955205688013457
2012-02-27,0.003519845167823739,0.0016795903807520496
2012-02-28,-0.0028866187029427852,0.0029165272934719155
2012-02-29,-0.004718633757341864,-0.003925747742437924
2012-03-01,-0.0031959498128909516,0.0051821681870043435
2012-03-02,-0.006067911004590882,-0.0030497641163529376
2012-03-05,-0.008818733909506715,-0.00407829088394529
2012-03-06,-0.02107870240439428,-0.014625277224278754
2012-03-07,0.009711595251966704,0.006976229137065193
2012-03-08,0.014901530262816598,0.009948826171819913
2012-03-09,0.005750636740342226,0.0038676241101895936
2012-03-12,-0.004153449052367031,7.266730111354924e-05
2012-03-13,0.021912445079419474,0.01802589137670263
2012-03-14,-0.006816306775446682,-0.001070841572239134
2012-03-15,0.0064085760128300695,0.00578915041059247
2012-03-16,-0.000893711369578091,0.001384874242323031
2012-03-19,0.0038812211023005285,0.003920021553114994
2012-03-20,-0.008157850864130197,-0.0029110954894436825
2012-03-21,0.0005871030613336566,-0.0016370810875537822
2012-03-22,-0.008998655597792522,-0.007203811034021679
2012-03-23,0.005566951630657161,0.0032325971775688522
2012-03-26,0.0185877346878159,0.014035247888040558
2012-03-27,-0.0035968448009191523,-0.003107158761776252
2012-03-28,-0.008872649830271584,-0.004958844135465101
2012-03-29,-0.0026261735409193188,-0.001708284123502657
2012-03-30,0.0006999219850452783,0.004136237010201604
2012-04-02,0.011805586568011598,0.007314973674524161
2012-04-03,-0.0033747694992699584,-0.00408942387003175
2012-04-04,-0.013853231931929073,-0.009911023451790624
2012-04-05,0.003717015394234672,-0.000500536223897341
2012-04-09,-0.011167506518131993,-0.011230915281057352
2012-04-10,-0.01744228526654671,-0.01678512123393172
2012-04-11,0.007943987176604864,0.008094672989614526
2012-04-12,0.016712529480061335,0.013065377271207712
2012-04-13,-0.014082559782694976,-0.011888014150113313
2012-04-16,-0.0056058491389813225,-0.0006568295983828687
2012-04-17,0.01552502213928782,0.014812599555861672
2012-04-18,-0.0035462464860188296,-0.0033795696669105535
2012-04-19,-0.00739318337965474,-0.006420977237904246
2012-04-20,0.0019449450310558742,0.0016700524677892847
2012-04-23,-0.012226403713436196,-0.008408774660757623
2012-04-24,0.00019699592973176894,0.0038013913132233235
2012-04-25,0.016465493864229314,0.013691899750289283
2012-04-26,0.006343190659553096,0.0069687439107433136
2012-04-27,0.0030153142191472098,0.0016411183936544393
2012-04-30,-0.004323395233906494,-0.0037043996213629304
2012-05-01,0.004500086708554396,0.006220605646106714
2012-05-02,-0.0005513853736114718,-0.0029845072527187044
2012-05-03,-0.007231310207615766,-0.007625502466256595
2012-05-04,-0.016611279317448952,-0.016157746190898936
2012-05-07,0.0029016482775092722,0.0007297953176057526
2012-05-08,-0.003181099017673568,-0.004011660222441704
2012-05-09,-0.0040775103830108135,-0.005931926266427134
2012-05-10,0.00026870183064031655,0.0020625536841991643
2012-05-11,-0.00034374380775292757,-0.003014251817327729
2012-05-14,-0.011021245612025258,-0.011061086190776392
2012-05-15,-0.004764960286207949,-0.0057413816395205375
2012-05-16,-0.007210555969184776,-0.0038248818156760844
2012-05-17,-0.021719039314280653,-0.01483094949345054
2012-05-18,-0.01122317439374835,-0.008558402935530673
2012-05-21,0.022303910617229583,0.017187770943363878
2012-05-22,0.0008482480146208744,0.0017425952481922025
2012-05-23,0.0012967343019045043,0.0005297604762297681
2012-05-24,-3.928955094256725e-05,0.0019656472975897454
2012-05-25,-0.0028350629041858917,-0.0032447900989747147
2012-05-29,0.013013666027588872,0.012112373516733888
2012-05-30,-0.015566005481354818,-0.014510158119852345
2012-05-31,0.000346990066959485,-0.0022009903974457012
2012-06-01,-0.02607845569524684,-0.02517657881634272
2012-06-04,-0.006850415648339214,-0.0004681871164701201
2012-06-05,0.0013162829325319425,0.007572048875465809
2012-06-06,-0.001459417414459356,0.022468316602628935
2012-06-07,-0.0010622646401612739,0.0006062521540732835
2012-06-08,0.004896110740935654,0.007951137087311766
2012-06-11,-0.005078199083987026,-0.012696964296706748
2012-06-12,-0.0016723974825548398,0.011490797860511215
2012-06-13,0.003356139850567966,-0.006394848989852653
2012-06-14,0.003538979420620166,0.01060030673876966
2012-06-15,0.005451253336668552,0.01022738169285864
2012-06-18,0.004471261381226702,0.0019387683625373686
2012-06-19,-0.004143870594101336,0.009672261548095973
2012-06-20,0.0008139661194018026,-0.00162123451654006
2012-06-21,-0.002940669156428248,-0.022438630951735483
2012-06-22,-0.005843462119973366,0.0077017067418687635
2012-06-25,0.0049817112966173225,-0.016034914559338365
2012-06-26,-0.0009362508299679921,0.0050257773670694394
2012-06-27,0.002316538810168023,0.009016667761101438
2012-06-28,0.005540205948918538,-0.0028538470511233482
2012-06-29,0.0026435485730161848,0.024927041403184136
2012-07-02,0.008653447070242551,0.003012316198791387
2012-07-03,-0.0014273347349455325,0.006592813700534661
2012-07-05,0.000544124445531387,-0.004511960092017375
2012-07-06,0.00507452727738585,-0.009503484210303226
2012-07-09,0.004210237718461925,-0.0012548898887964066
2012-07-10,-0.0027376631773444737,-0.008720151460293812
2012-07-11,0.0004652104402052733,0.0001492308520065766
2012-07-12,0.004138327512156851,-0.004844928923642078
2012-07-13,0.0029457845392529087,0.016777640187594978
2012-07-16,0.0029312364668421242,-0.0023571541782468897
2012-07-17,-0.00028318935214410824,0.006866959139614437
2012-07-18,-0.0014576236225399461,0.007406974131443533
2012-07-19,-0.004819825530554341,0.002620799802418583
2012-07-20,0.0036307265162316775,-0.009148786766141725
2012-07-23,-2.791278247427087e-06,-0.010112074932916326
2012-07-24,0.002145001407094764,-0.008586673997494576
2012-07-25,0.0008893218914186964,0.0002242698628802664
2012-07-26,-0.0011240011605999634,0.016497492705239702
2012-07-27,-0.005504953900662006,0.018432333737230966
2012-07-30,0.0051172113578711684,0.0
2012-07-31,0.0007512294824976173,-0.006994442138829382
2012-08-01,-0.004480227151161993,-0.0008711842426827321
2012-08-02,0.003639907841102389,-0.006904715212840085
2012-08-03,-0.004520720160794485,0.0198333738618095
2012-08-06,-1.1883251188986028e-06,0.0019373392385360066
2012-08-07,-0.009966782450437472,0.005013757388565798
2012-08-08,-0.004501619358026954,0.0012112097311582914
2012-08-09,-0.0015508205795900323,0.0008545685387784108
2012-08-10,0.0030960722250314245,0.0016355963995020595
2012-08-13,-0.0010267297198292,-0.0004969082911722156
2012-08-14,-0.006863308578791064,0.00014171863592471468
2012-08-15,-0.004835422641600306,0.0011365592012209103
2012-08-16,-0.001118842505807479,0.007378868305771169
2012-08-17,0.002132690948453438,0.0013376019316928556
2012-08-20,-8.251443002179248e-05,7.046448822389806e-05
2012-08-21,0.0024633891183550487,-0.0030241501042321817
2012-08-22,0.007889557723274671,0.00042369642504502814
2012-08-23,0.0009745939283559344,-0.008179604670387586
2012-08-24,0.0006363343247765737,0.006042585630841701
2012-08-27,0.00382106357128853,0.0002122568720568374
2012-08-28,0.00207344291134115,-0.0009889016237365489
2012-08-29,-0.001772625683826819,0.0007774586251956261
2012-08-30,0.001595946373045424,-0.007207935437618329
2012-08-31,0.00791849724395018,0.004769396656472136
2012-09-04,0.0002505477826982487,-0.0009208655778117913
2012-09-05,-0.0028720585678046287,-0.000850951188659077
2012-09-06,0.01555181091587654,0.020296504435679763
2012-09-07,0.008262568251903264,0.0038951309746499962
2012-09-10,-0.006441299053175845,-0.005681365576486019
2012-09-11,0.00393934765822305,0.0027868992015198657
2012-09-12,0.0048772904183507215,0.003335687708472035
2012-09-13,0.01187991631210646,0.015236550205591337
2012-09-14,0.009779604950260312,0.004434238904001742
2012-09-17,-0.010803972806140167,-0.0033957372640199823
2012-09-18,-0.0035340250818165497,-0.0008179712390971039
2012-09-19,-0.00285793038072953,0.0005457163489015482
2012-09-20,-0.0005721617965686414,6.816076206384025e-05
2012-09-21,0.0025053139220800875,-0.0004179534614391356
2012-09-24,-0.006602323861595464,-0.0015082197945640585
2012-09-25,-0.0066617358275156136,-0.010642238303023577
2012-09-26,-0.008400611787666785,-0.005621008733317057
2012-09-27,0.01273021551875423,0.009421305127261581
2012-09-28,-0.007356875053218359,-0.004632237159840069
2012-10-01,0.0023498835829760165,0.0026396592011064257
2012-10-02,-0.0011349624050925877,0.0010396385052717783
2012-10-03,-0.00298067513794494,0.004082457991633204
2012-10-04,0.010718937484817262,0.007167934152444433
2012-10-05,-0.00542217607628892,6.85267859950045e-05
2012-10-08,-0.005079355812436718,-0.003421403970626846
2012-10-09,-0.004909752906556374,-0.009887172199395833
2012-10-10,-0.002558856376958185,-0.00638012016552747
2012-10-11,0.0037340476024225744,0.0005585110369910051
2012-10-12,-0.007207201205818229,-0.0032790073811747034
2012-10-15,-0.0025366360826583056,0.00832821947871798
2012-10-16,0.007067624945351403,0.010133765788996607
2012-10-17,0.00015756752986613903,0.004534785155952736
2012-10-18,-0.005459796185291058,-0.0025991302658280313
2012-10-19,-0.016611266037417322,-0.0166643786912678
2012-10-22,0.0013957470780586363,0.0001390651569179724
2012-10-23,-0.011523949611276191,-0.01387584186476043
2012-10-24,-0.003289645874753962,-0.0028288724095009155
2012-10-25,0.0031954979737437808,0.0029077017218497314
2012-10-26,0.0015181652922473161,-0.0005655429917340582
2012-10-31,-0.0004741826919970972,0.0
2012-11-01,0.0031411582919277747,0.010470211148972952
2012-11-02,-0.011915800347646721,-0.008891510846260164
2012-11-05,0.002086900794177578,0.002048219129921147
2012-11-06,0.01207490819747048,0.007825340532827685
2012-11-07,-0.010071973662288253,-0.0226637973181274
2012-11-08,-0.004183668588204995,-0.012024320920929199
2012-11-09,0.00044078508240933767,0.0008698138226943541
2012-11-12,0.00023185928365968922,0.0007959477951804406
2012-11-13,-0.005336609918900541,-0.0034715076700712055
2012-11-14,-0.008561770161178317,-0.013498637967613858
2012-11-15,0.00015902724417097636,-0.0016920364176460367
2012-11-16,0.0003796074160174653,0.004937410391348873
2012-11-19,0.01708649905081483,0.020239207010858795
2012-11-20,-0.0011004515734295284,0.0004311517126214248
2012-11-21,0.0002513917931480369,0.0018676115848916819
2012-11-23,0.016710442047012997,0.01362546734209591
2012-11-26,-0.0011482276261522242,-0.0021227221138949703
2012-11-27,-0.005873048875889796,-0.005104560946504133
2012-11-28,-9.19927742581983e-06,0.008052611831374179
2012-11-29,0.006542988758842923,0.004665304690337324
2012-11-30,-0.0019882488487334977,0.00021138092606087788
2012-12-03,0.0004246624489685121,-0.004924100677460297
2012-12-04,-0.0016270860464416836,-0.0014142386941617957
2012-12-05,0.0034551974127012093,0.0017699595128610746
2012-12-06,0.003953237729717044,0.003392468426077988
2012-12-07,0.0024733411528414795,0.0030281453218095056
2012-12-10,0.0035216163161472616,0.0004214253375343091
2012-12-11,0.0033231300058864655,0.006808418627017421
2012-12-12,0.002317227747064813,0.0004882110652855154
2012-12-13,-0.005286159215370974,-0.006132088541922043
2012-12-14,0.0021728294280402385,-0.0037162261392524876
2012-12-17,0.002841868263709616,0.011752527889699937
2012-12-18,0.0010156905761559507,0.011128583467875375
2012-12-19,0.0002293936190448006,-0.007429070025151252
2012-12-20,0.00019380503839542661,0.005752206336740784
2012-12-21,-0.004607349923461086,-0.009076888336592592
2012-12-24,-0.0009753261729836074,-0.003081602312096421
2012-12-26,0.0012765674753256369,-0.004215156056338487
2012-12-27,0.004204396424290972,-0.0013397007127449179
2012-12-28,-0.003590427060984669,-0.01080833206820675
2012-12-31,0.013089509225073865,0.016996026279247234
2013-01-02,0.013730477989327658,0.025630199096164263
2013-01-03,-0.005641932868143369,-0.0022591628896105886
2013-01-04,0.003910205710566661,0.004391435415429523
2013-01-07,-0.003222006512327809,-0.002732728936524431
2013-01-08,-0.005496592625613121,-0.0028768496301613267
2013-01-09,0.004076294869018578,0.0025415271208435453
2013-01-10,0.007527782829984305,0.00794978156666959
2013-01-11,-0.002184455261536322,-6.780062670508347e-05
2013-01-14,0.0027691431333457897,-0.0006802078968263237
2013-01-15,-0.0003505791190587062,0.0006806708945439333
2013-01-16,-0.0023025550451199655,-0.00013645964625663698
2013-01-17,0.0056245888714396095,0.006460406994011514
2013-01-18,0.001828233466523425,0.0022294849218635893
2013-01-22,0.0013642842248974274,0.005393887885630999
2013-01-23,-0.0022304953974301434,0.0016089696191026182
2013-01-24,0.001088686480189079,0.00026871702861996916
2013-01-25,0.00436342462283538,0.0056216086643297025
2013-01-28,-0.0031073207140097274,-0.0011977958459189475
2013-01-29,0.006959149590956596,0.003931097886174628
2013-01-30,-0.004413680686303359,-0.0039157048670489525
2013-01-31,-0.0025492353538111665,-0.0024658105489550053
2013-02-01,0.006462276094722793,0.010287307227702991
2013-02-04,-0.010796794619680156,-0.01124063997270075
2013-02-05,0.003749958236033968,0.010098002961906216
2013-02-06,0.0025198147502825856,0.0007276041965462721
2013-02-07,-0.005243498812511996,-0.001322463305265864
2013-02-08,0.0075618904825404485,0.005564144791480041
2013-02-11,-0.0002251705745566583,-0.0001977735695781746
2013-02-12,0.005634708562815745,0.0016475739966639313
2013-02-13,0.0019929213300797772,0.0008548514987012368
2013-02-14,-0.002363873520391209,0.0009200415625665315
2013-02-15,-0.0006000312496949507,-0.0011813095705441867
2013-02-19,0.009527297416316378,0.007494328521516103
2013-02-20,-0.011614422771578868,-0.012463396053820075
2013-02-21,-0.010739825106494516,-0.0060791525788899126
2013-02-22,0.012142174336782663,0.00977278709106888
2013-02-25,-0.021668537405642414,-0.01902693869578931
2013-02-26,0.006293726157152735,0.006845763101676061
2013-02-27,0.010161646348480453,0.012598154117597904
2013-02-28,-5.3248682393684354e-05,-0.001974848898161796
2013-03-01,0.0015999700724570467,0.0032983079403352544
2013-03-04,0.0051555484441022275,0.005324706551238956
2013-03-05,0.009488453892108579,0.008958641694539526
2013-03-06,0.00032698182384771624,0.001361450339067538
2013-03-07,0.0006236735760113779,0.0018121565402788864
2013-03-08,0.0050806837478755505,0.004263896036313275
2013-03-11,0.0014444989140838618,0.0037959099945901187
2013-03-12,-0.002661214443004045,-0.0022433687165973604
2013-03-13,0.0020530487917570874,0.0014133497153461239
2013-03-14,0.007212911057585961,0.005324055187720056
2013-03-15,0.0001429024751923672,-0.0013203943958786102
2013-03-18,-0.005514290048009148,-0.005518788862916568
2013-03-19,-0.003807260052120509,-0.0023231443775505456
2013-03-20,0.006470888645538316,0.0069852287984732975
2013-03-21,-0.0067698474820596655,-0.008542387941823493
2013-03-22,0.0054611090869269106,0.008032799399609658
2013-03-25,-0.0011527177020543473,-0.004176913480258171
2013-03-26,0.0066070650145286045,0.008002274001081444
2013-03-27,0.0008298240506237063,0.0
2013-03-28,0.0025865805717556842,0.0030730254282245184
2013-04-01,-0.004809452469169898,-0.003956998705277548
2013-04-02,0.000606153943216688,0.004934379379838649
2013-04-03,-0.009774883150567367,-0.01013903728182075
2013-04-04,0.00962724507495527,0.004058215403103693
2013-04-05,-0.00034089539384255874,-0.004490889536341469
2013-04-08,0.007693415541447793,0.006767154409721421
2013-04-09,0.0002249178458990272,0.003456656569674088
2013-04-10,0.012178365205285663,0.012248614305298222
2013-04-11,0.0035097677493382364,0.0032773238413570382
2013-04-12,-0.0013500030671976435,-0.0024498584129037937
2013-04-15,-0.027191498215587157,-0.023173642134538652
2013-04-16,0.01621878697476179,0.014763022811713045
2013-04-17,-0.014186387510916533,-0.014611985790013993
2013-04-18,-0.004438347975217323,-0.006253406097041614
2013-04-19,0.011867161311438279,0.008693502518548613
2013-04-22,0.0019842590383067162,0.004438072206502941
2013-04-23,0.010572742801757757,0.010308378629032777
2013-04-24,0.002664320769104759,0.0006344417231087807
2013-04-25,0.002420837368959409,0.004054011729305973
2013-04-26,-0.003454441637078642,-0.0017665254114059836
2013-04-29,0.007483506365586848,0.006698782072592113
2013-04-30,0.006580337960430412,0.002385302769180031
2013-05-01,-0.013989168924583904,-0.00876768547526885
2013-05-02,0.004853019570473941,0.009287569116543937
2013-05-03,-0.0031486900589727434,0.010140832657581145
2013-05-06,0.0017429376350526216,0.002540814966934146
2013-05-07,0.0022360067526301743,0.00506839645229995
2013-05-08,0.002218888150044599,0.0045510827718253655
2013-05-09,-0.003981150649567536,-0.002816066781748394
2013-05-10,-0.0012667601154819539,0.0032535061834586543
2013-05-13,-0.0007120800765652397,0.0007957841933472487
2013-05-14,0.0010446376005884086,0.010333693401167299
2013-05-15,0.0073271833063467025,0.005386527672248231
2013-05-16,0.00018006525643784088,-0.004695200057852289
2013-05-17,0.0008675831311984275,0.009676847597488658
2013-05-20,0.0003553188368240478,-5.9928578426404755e-05
2013-05-21,0.004989369791110754,0.0014375699304145506
2013-05-22,-0.015526648783759126,-0.007417144854084734
2013-05-23,-0.005636336774607398,-0.002892927556454983
2013-05-24,-0.0006715110166193676,-0.0008464401877453787
2013-05-28,-0.00930980502944815,0.005988653114850528
2013-05-29,-0.0054896381212441074,-0.006493630483864199
2013-05-30,-0.0027099799471095674,0.003691730008406724
2013-05-31,-0.010376548987819256,-0.014351895696738337
2013-06-03,0.004818877815963241,0.00550615990521286
2013-06-04,-0.0068733931831751836,-0.004806870849172418
2013-06-05,-0.013270703792159961,-0.014001280179866127
2013-06-06,0.008162970175529322,0.009053518443725261
2013-06-07,0.011363408598472402,0.012720272266089516
2013-06-10,0.002173010392091538,0.0
2013-06-11,-0.010362822151004442,-0.010315741406770051
2013-06-12,-0.009919405509156634,-0.008277084896387232
2013-06-13,0.015182433932110568,0.015209198771295895
2013-06-14,-0.006862810246673271,-0.006272582537766747
2013-06-17,0.007985707440525772,0.007721589961288355
2013-06-18,0.009307047994413137,0.007905317200314732
2013-06-19,-0.012407079186908494,-0.013816544004649822
2013-06-20,-0.025002707243248823,-0.02477859731957399
2013-06-21,0.0002754876953966847,0.0032104713749618874
2013-06-24,-0.01190130144586728,-0.012636068941238032
2013-06-25,0.008845333461256969,0.009613874859341065
2013-06-26,0.007858798844364356,0.009901167128125055
2013-06-27,0.008537503256349869,0.005869861836047541
2013-06-28,-0.002810720892140406,-0.004097328957336277
2013-07-01,0.009440696684974492,0.005859616401516998
2013-07-02,-0.00040809331193414344,-0.0009292468171527846
2013-07-03,0.0021719623409267213,0.00043413054558105735
2013-07-05,0.010855654146380678,0.010788264542843429
2013-07-08,0.0035607064044305874,0.005704648986025074
2013-07-09,0.007516099470060267,0.0071978074524703395
2013-07-10,0.002960486663869055,0.00036275167193600133
2013-07-11,0.015077324619421573,0.01362117784501593
2013-07-12,0.0022898572879544625,0.00041797781921948385
2013-07-15,0.004947498012827678,0.0038208885235666568
2013-07-16,-0.003363841953441489,-0.00374670809331501
2013-07-17,0.00298944486669687,0.002566530152327662
2013-07-18,0.003211086997531476,0.005478053682682837
2013-07-19,-0.0023454943821005587,0.001776518562230045
2013-07-22,0.002336288427294682,0.001950637466569427
2013-07-23,-0.003381634526500865,-0.0021236518369526225
2013-07-24,-0.0029205984005510706,-0.0036653777113175856
2013-07-25,0.005970580752858945,0.0024322878105242918
2013-07-26,0.0007943113621106483,0.0010651273083952528
2013-07-29,-0.0039809877614004705,-0.003074060554942193
2013-07-30,0.002062728063972082,0.0
2013-07-31,0.0014338173913474397,0.0007116294587734551
2013-08-01,0.011774313208198587,0.011558546772802547
2013-08-02,0.0027245813130053103,0.0016985674901273118
2013-08-05,0.0008703077727511369,-0.0014620488407794952
2013-08-06,-0.007233458114119684,-0.005682192500963912
2013-08-07,-0.0040512008841273595,-0.0032408584037034727
2013-08-08,0.004261102818236587,0.003664849800656844
2013-08-09,-0.0026593853720515703,-0.002885739788099695
2013-08-12,0.0021524355008145646,-0.0011818673053874962
2013-08-13,0.002409205294948998,0.002957376777655396
2013-08-14,-0.004272013482183682,-0.0051294932849994535
2013-08-15,-0.016487268739736233,-0.013986286835255823
2013-08-16,-0.002637799249968838,-0.003305198734509185
2013-08-19,-0.006081788782610379,-0.006392499467291701
2013-08-20,0.007900852734337382,0.004916279130463774
2013-08-21,-0.00522271555649767,-0.006160131706659078
2013-08-22,0.01100595351917873,0.00911488897404511
2013-08-23,0.004198377729066023,0.0033721840933609304
2013-08-26,-0.0010342030604830372,-0.0037209295951515786
2013-08-27,-0.02000168270575723,-0.016084330830763438
2013-08-28,0.00313199402112585,0.0035514588137843806
2013-08-29,0.006205554470875229,0.0015859068476788973
2013-08-30,-0.008403912724579077,-0.0031672550842291036
2013-09-03,0.005331374680324482,0.004521801130049186
2013-09-04,0.009477333423827911,0.008273081965820328
2013-09-05,0.0008141979132434418,0.0012667185262806857
2013-09-06,0.00311398677658777,0.0004818998065749813
2013-09-09,0.013525970813871078,0.009576397160051542
2013-09-10,0.008663620610386946,0.0073971314590528525
2013-09-11,0.0006898019833811255,0.003138598758870792
2013-09-12,-0.004565815264589841,-0.0026566649985986235
2013-09-13,0.003635507459179177,0.0022490489774367184
2013-09-16,0.0024343122339071837,0.005788062322329202
2013-09-17,0.0057373627163401775,0.004462065128252091
2013-09-18,0.016062948594272337,0.011574504322836798
2013-09-19,-0.001132475191806,-0.001676098362332179
2013-09-20,-0.004779208462280452,-0.006991337900309813
2013-09-23,-0.0007473561058853143,-0.004627747607290789
2013-09-24,0.0005880254608937596,-0.0023536045384976445
2013-09-25,-0.0014031130594407784,-0.002890277359843929
2013-09-26,0.005837102985059091,0.003845120667895996
2013-09-27,-0.003104430386321688,-0.004596582408450289
2013-09-30,-0.0030933528849454626,-0.005328568328005878
2013-10-01,0.009034024162121401,0.007916144500857092
2013-10-02,-0.001589110902840159,-0.0009441181150692257
2013-10-03,-0.009489445529624052,-0.009221545653187557
2013-10-04,0.005890691001876927,0.007576673317588378
2013-10-07,-0.010109672999960276,-0.008644716309297418
2013-10-08,-0.014408672068311274,-0.011646628677727922
2013-10-09,-0.0009459303939181039,0.0007252634028973581
2013-10-10,0.021080556764223227,0.02155803299443626
2013-10-11,0.009233291757699233,0.006442974415481473
2013-10-14,0.005165686937310306,0.003994295833249062
2013-10-15,-0.006158149026240899,-0.0072543799674673615
2013-10-16,0.010398043235161431,0.013966023819680817
2013-10-17,0.009248339333932654,0.006683350741159666
2013-10-18,0.011187868474328583,0.006754419719184446
2013-10-21,0.0005725390646899771,5.73325571722183e-05
2013-10-22,0.004684807842508057,0.005791124929491964
2013-10-23,-0.006376375165514814,-0.004788470965664371
2013-10-24,0.0055623939158335745,0.0033225099561402516
2013-10-25,0.0017395489931404011,0.004567134191406197
2013-10-28,-0.0006212544252700939,0.0015911865591713426
2013-10-29,0.0022265437059859243,0.005334282911050314
2013-10-30,-0.0060743160627825254,-0.0049673816514054225
2013-10-31,-0.004567255166634069,-0.0028359482053297302
2013-11-01,-0.003306918085068481,0.002389113681804167
2013-11-04,0.004150534895192237,0.003518979773120101
2013-11-05,-0.009229630659002619,-0.003166748837366673
2013-11-06,0.0038635231631250675,0.005105432416428801
2013-11-07,-0.017557249781941398,-0.012643330860472979
2013-11-08,0.00572858339871581,0.013490773866000172
2013-11-11,-0.0015102092612066706,0.00016961154896577568
2013-11-12,-0.0023872323325855684,-0.0020302946618372397
2013-11-13,0.005686053426309678,0.008024593730263874
2013-11-14,0.007959984243520141,0.004989099415433129
2013-11-15,0.009678921655437007,0.004351263608261657
2013-11-18,-0.00025735809307810475,-0.003499353040897102
2013-11-19,-0.0038515236351272333,-0.0021732853082871983
2013-11-20,-0.007690109178163779,-0.0031283634905162616
2013-11-21,0.005151497330681949,0.008068637852103766
2013-11-22,0.0051509335395441,0.005002666580218973
2013-11-25,-0.004494706248988474,-0.0009957623546323902
2013-11-26,0.0028664694171779783,0.0002768647089750331
2013-11-27,0.005293324562241963,0.0024356512264824826
2013-11-29,0.0060697727159584325,-0.0006628446112405539
2013-12-02,-0.010776538035813835,-0.0025966428191213087
2013-12-03,-0.004206785607742643,-0.0043205789666022065
2013-12-04,-0.002368943815958424,-0.00011050847064808522
2013-12-05,-0.0020887680899847787,-0.004395857486686028
2013-12-06,0.0091485612695222,0.011176424088223724
2013-12-09,0.0009109320473887904,0.0025420375461771005
2013-12-10,-0.0038166218724982417,-0.003582919859948519
2013-12-11,-0.012881395120683942,-0.011231084134234126
2013-12-12,-0.002557018659276933,-0.0033011975940046012
2013-12-13,0.0004531999961471984,-0.00011204502041195497
2013-12-16,0.008202043128540854,0.006231740808062769
2013-12-17,-0.0025889251305164875,-0.0031803073677261207
2013-12-18,0.013699080023041061,0.017072638687763098
2013-12-19,-0.0034091833251202646,-0.0011558586432088847
2013-12-20,0.010923842334527848,0.005816655925223291
2013-12-23,0.010719031469311597,0.0053428784407500984
2013-12-24,0.0020894963907183888,0.002191272714965997
2013-12-26,0.0029560478897672215,0.00508366995731957
2013-12-27,0.0006726847998315872,-5.398350092122861e-05
2013-12-30,0.0007044384077895909,-0.0001628812150323844
2013-12-31,0.004202655236057451,0.004732623813731962
2014-01-02,-0.01247167404214174,-0.009583721348567553
2014-01-03,-0.0007666105759512507,-0.0001642241541297551
2014-01-06,-0.004900184048749515,-0.0028978224110624007
2014-01-07,0.007920276893934448,0.0061418420672132434
2014-01-08,0.0012354608602601993,0.00021802350198907305
2014-01-09,-0.0008020527621791135,0.0006541331847593757
2014-01-10,0.003807896362313823,0.0027227134586123025
2014-01-13,-0.013919618553484003,-0.013305151877624488
2014-01-14,0.014084133224417187,0.010897655640923265
2014-01-15,0.0070204543911971395,0.005390293574991878
2014-01-16,5.671316122946024e-06,-0.001300393300128988
2014-01-17,-0.00447020535706133,-0.004228870658996686
2014-01-21,0.0055056364273393665,0.0029401367120496236
2014-01-22,0.0027693452001735044,0.0006514824523595752
2014-01-23,-0.006104268194956611,-0.00819295197456349
2014-01-24,-0.02217075409043471,-0.021335884756507162
2014-01-27,-0.009745151308910849,-0.004919270791933661
2014-01-28,0.005309316047401147,0.005954631759968798
2014-01-29,-0.01158339855011059,-0.009605365634842156
2014-01-30,0.014665315695073268,0.010600654929365128
2014-01-31,-0.005317040115693894,-0.005858406689077111
2014-02-03,-0.02591692813525596,-0.022505091875735128
2014-02-04,0.0014306135744392616,0.007004733910295657
2014-02-05,-0.006442608048599974,-0.0012545471023753807
2014-02-06,0.005458601504280679,0.013187194577350514
2014-02-07,0.010001681523915526,0.012395615935619553
2014-02-10,0.0037183662535694344,0.001836314842411202
2014-02-11,0.004838335218687706,0.010944020510112118
2014-02-12,0.00022558012348017353,0.0004952174004388965
2014-02-13,0.008599187242222712,0.005162297118257886
2014-02-14,0.0013253293837613978,0.005518820250417944
2014-02-18,0.0058609919373422414,0.0011956105678792017
2014-02-19,-0.007106638434427492,-0.006621775261791085
2014-02-20,0.004341683069333431,0.005901018199368169
2014-02-21,0.0023555036807336727,-0.0011404616414402158
2014-02-24,0.0033853574472495485,0.005546690078218175
2014-02-25,0.002950648202102409,-0.0003784885676284544
2014-02-26,0.003532391599805192,5.359536235061135e-05
2014-02-27,0.0058027742362987125,0.005247682888957161
2014-02-28,-0.0015120770498332492,0.0025292122802105244
2014-03-03,-0.002700277905856621,-0.007031859518098149
2014-03-04,0.004922882058188877,0.014055491134794984
2014-03-05,0.0010440243027050045,0.000906447362898799
2014-03-06,0.00022794286997092827,0.0022900472374280945
2014-03-07,-0.008024074036701911,0.00042505623963440264
2014-03-10,-0.0013559216315586209,-0.0005309194821139229
2014-03-11,0.002546102350055368,-0.004942866560319503
2014-03-12,0.007127621957360089,0.0002670709916945402
2014-03-13,-0.005130820224176694,-0.011212880507233014
2014-03-14,0.0008200448570370164,-0.0028077771572626586
2014-03-17,-1.4447670370583811e-05,0.009043189988175104
2014-03-18,0.002433130167276938,0.007138299988517671
2014-03-19,-0.014567725206121852,-0.005329177578433653
2014-03-20,0.0009027416553002802,0.00583962286424855
2014-03-21,0.0006442533930419341,-0.003878705439677277
2014-03-24,-0.011045835967021984,-0.004135396496559363
2014-03-25,0.0047467607839789165,0.004745749823112488
2014-03-26,-0.010694307107133372,-0.0071925394449873226
2014-03-27,-0.0019285256958457469,-0.0021080589283315465
2014-03-28,0.0025833363959066134,0.004930041762624571
2014-03-31,0.0026399980188882566,0.008194386318192137
2014-04-01,0.006105762726549649,0.0066305897503950995
2014-04-02,-0.003080964047375234,0.0033466972792335348
2014-04-03,0.0009874659448194656,-0.0013236310078507119
2014-04-04,0.0054037610154265,-0.011822003722570251
2014-04-07,0.0038638504326142056,-0.011051536145517682
2014-04-08,0.0033086994023838745,0.004122804670850577
2014-04-09,-0.0025797476635761223,0.010751398476010587
2014-04-10,0.001332884404934879,-0.02100657152547425
2014-04-11,0.0013633347949306707,-0.009008192774834
2014-04-14,0.0005935886201013187,0.007878508327216815
2014-04-15,0.006422961238420047,0.006887571468150444
2014-04-16,0.0020377045062494417,0.010477462842544583
2014-04-17,-0.0074830019456844825,0.001396983052551537
2014-04-21,0.0015662159435985146,0.0034874346319784255
2014-04-22,0.0017292967084256612,0.004544295274831134
2014-04-23,0.0014194077331322421,-0.0023420566327018166
2014-04-24,0.0019204554080979688,0.0020277519222429152
2014-04-25,-0.00035222575989675897,-0.008199315247913175
2014-04-28,0.0004830899800388386,0.003167211260721503
2014-04-29,7.30001482293815e-05,0.004655648098824905
2014-04-30,0.0034605609078074044,0.0029826854435861527
2014-05-01,0.005285193581857639,0.00010604766429267443
2014-05-02,0.0012839135692384411,-0.001433731867647725
2014-05-05,-0.0005217083554472184,0.0019141877928101625
2014-05-06,-0.0025518780527718317,-0.008703871426997689
2014-05-07,0.00773878217164318,0.005889235036927731
2014-05-08,-0.0003865809339587133,-0.0010644011074562032
2014-05-09,0.00016234654300269674,0.0014918492796622829
2014-05-12,0.009884410983267347,0.009735947356670271
2014-05-13,-0.0005901326875625463,0.0008959076444494674
2014-05-14,0.0009099496209647266,-0.0047378020377177865
2014-05-15,-0.006223555552325344,-0.00878023138758166
2014-05-16,0.008625438805889655,0.0034684387482961654
2014-05-19,-0.00011680353819128663,0.0036693374452301253
2014-05-20,-0.005849782316652637,-0.006304948992035708
2014-05-21,0.0031869477810257583,0.008424412339701481
2014-05-22,0.002551864389015779,0.0024315949105249146
2014-05-23,0.003667681429345704,0.004009134687184446
2014-05-27,0.0015727966564814304,0.006146415003340344
2014-05-28,-0.00039325453397986987,-0.0007309688881979026
2014-05-29,0.003327828174324532,0.0051727474250162775
2014-05-30,-0.0024974050033087876,0.0016118262978388476
2014-06-02,0.002092233203694893,0.0011417220383689308
2014-06-03,-0.0024056412675573053,-0.0005183992360392464
2014-06-04,-0.0012854701343717838,0.002023126587405999
2014-06-05,0.009794841701715518,0.006521363339492492
2014-06-06,0.0019271731507901255,0.00478336941143076
2014-06-09,-0.0032840143307161598,0.0010235419445856486
2014-06-10,-0.0019561453019972066,0.00010229747472889628
2014-06-11,-0.0014305561479677578,-0.003476608005497317
2014-06-12,0.000517597661690535,-0.007079636823500324
2014-06-13,0.0008282517337906784,0.0030481790951999432
2014-06-16,-0.0023988362260902356,0.0008242028375449184
2014-06-17,-0.0017064484777652431,0.0027793093457775253
2014-06-18,0.008590145761340354,0.0073394919235272305
2014-06-19,-0.003403401235032132,0.0011211828072563712
2014-06-20,0.0029861435297618235,0.002030184112780997
2014-06-23,-0.003098776708259088,-0.0003060106958023834
2014-06-24,0.0034722084321791398,-0.006024053915525518
2014-06-25,0.0008927836054618925,0.004519806935348258
2014-06-26,0.001667411203016759,-0.0007157207133926535
2014-06-27,0.0028228235735920184,0.0019441710389269673
2014-06-30,-0.000898024363432189,-0.0005106161558837696
2014-07-01,0.0018187502023422717,0.0066930800954667635
2014-07-02,0.00175024143183163,0.0010147713927666224
2014-07-03,0.0021675511068399707,0.004918459190612401
2014-07-07,-0.0002539796989493581,-0.00348167862895421
2014-07-08,-0.0045486850258207685,-0.006429755925138503
2014-07-09,0.004905382077339926,0.004484433290762091
2014-07-10,-0.0013567655689629143,-0.00395716428125048
2014-07-11,0.0018129212086788933,0.0013754307072246785
2014-07-14,0.00620947874944792,0.005035148177990667
2014-07-15,-0.001154423104899216,-0.001872771126119055
2014-07-16,0.0032089530914705122,0.0037018544375653217
2014-07-17,-0.012364675083668342,-0.0113660777303215
2014-07-18,0.01379509696379418,0.010218825397663833
2014-07-21,-0.0005029819321673568,-0.0018713520504406445
2014-07-22,0.006251132565512574,0.004358157189649603
2014-07-23,0.003047302928071316,0.002220184489986954
2014-07-24,0.0006773789206328725,5.0073659010108074e-05
2014-07-25,-0.0049461177079727445,-0.004681323892525735
2014-07-28,0.004734461600100677,0.0004045296752626104
2014-07-29,-0.004192542938107408,-0.00429754551854622
2014-07-30,-0.0010249155028522565,0.00015236283199682177
2014-07-31,-0.017520628159071107,-0.01974834972515871
2014-08-01,-0.00020336811877478623,-0.003055597650777342
2014-08-04,0.007710399626918107,0.007221024001637932
2014-08-05,-0.01106111551922806,-0.009696160160419187
2014-08-06,-0.0026647860313862757,0.00031266273380947673
2014-08-07,-0.002181765359345296,-0.005414749084724724
2014-08-08,0.007375853211463167,0.011568667465309712
2014-08-11,0.008328708144350975,0.002898033713724546
2014-08-12,-0.0002938897904836516,-0.0013931684481048867
2014-08-13,0.010160472051230274,0.006768819958703931
2014-08-14,0.0020337507986523486,0.004722102152453722
2014-08-15,0.0003705629066697025,-0.0002043853040484267
2014-08-18,0.009066358917893128,0.008379031463750408
2014-08-19,0.004118632130378108,0.005219122093284456
2014-08-20,0.0008478362316650667,0.0026714524545898843
2014-08-21,-0.0012462107673408829,0.0029157579549392576
2014-08-22,-0.003057152443486847,-0.0015539173881317092
2014-08-25,0.0028976459390768943,0.005070364422605778
2014-08-26,0.0029849278119136917,0.0006497072262636738
2014-08-27,0.001974548242664224,-0.0003994455829451349
2014-08-28,-0.003702598124028252,-0.0005493639632709879
2014-08-29,0.0025037413444877936,0.002848006134626102
2014-09-02,0.00016078146614502902,-0.0004983617287944719
2014-09-03,0.004262340997571057,-0.0005480061172775663
2014-09-04,-0.005240031528659224,-0.00144648323820884
2014-09-05,0.0039041197400332406,0.004494965161782938
2014-09-08,-0.0031479013747294964,-0.002585584863304735
2014-09-09,-0.007143397088852623,-0.0063313066900069215
2014-09-10,-0.0007646427060796397,0.0037629365866866937
2014-09-11,-0.0036122184778324775,0.001149618806924213
2014-09-12,-0.008730875617478465,-0.005841090366682344
2014-09-15,-0.004391760938792158,-0.0007532864205268552
2014-09-16,0.005920341013376499,0.007538073955750457
2014-09-17,-0.0034479741531183343,0.0013468414013964036
2014-09-18,0.004033156090178958,0.005330107269593931
2014-09-19,0.0015228257835197732,-0.0009011791336253072
2014-09-22,-0.007755230308922925,-0.007722832095662491
2014-09-23,-0.0007151361237615061,-0.005724183556281903
2014-09-24,0.00650662114179823,0.007827933491035832
2014-09-25,-0.010320826366124376,-0.01613573992488926
2014-09-26,0.00455870424307947,0.007945414336541612
2014-09-29,-0.004524049065460223,-0.0018190891826750377
2014-09-30,-0.0014083520639719775,-0.002632100568959461
2014-10-01,-0.006018413164159482,-0.013551890003262068
2014-10-02,-0.0038947752179501194,0.00015435170991584535
2014-10-03,0.004618031341057612,0.011008882023925803
2014-10-06,3.0424395814132588e-05,-0.0011703283299323575
2014-10-07,0.0017229695855063654,-0.015436399432035008
2014-10-08,0.007750403984842168,0.01748947323399741
2014-10-09,-0.007406132488154729,-0.01983290256043635
2014-10-10,-0.0037166815683078824,-0.01141422408978654
2014-10-13,-0.0014562357967984698,-0.016427178787287944
2014-10-14,0.002876965134815649,0.0015473527403269127
2014-10-15,0.0023658795797700067,-0.006766087071659488
2014-10-16,-0.005120677402452256,-0.0008582476563582242
2014-10-17,0.0015613556898268857,0.011810992214290383
2014-10-20,0.006664785005473073,0.009709598072568104
2014-10-21,0.005186967552732475,0.01981068565907318
2014-10-22,-0.0014554829927927078,-0.007111095201692841
2014-10-23,0.0006752111579909259,0.011625120424240354
2014-10-24,0.003344898940770872,0.007695197162508105
2014-10-27,0.0011966720055521425,-0.0013741721822992936
2014-10-28,0.0021281008363807086,0.011470033507686495
2014-10-29,-0.0015826423132537422,-0.001511932753724743
2014-10-30,0.0013291916704857667,0.006410738432233387
2014-10-31,0.0031962045111216066,0.011435341957213074
2014-11-03,0.0005287509683696478,0.0005450109803546432
2014-11-04,0.0004664163364355156,-0.0034690656795223207
2014-11-05,-0.0011522367463920509,0.006316088394752173
2014-11-06,-0.00365465550819725,0.004003023151823992
2014-11-07,0.003112160815898157,0.0009354593401604827
2014-11-10,0.0008644100767436493,0.0031474991011322118
2014-11-11,-2.752461952415519e-05,0.0009805528540571817
2014-11-12,-0.00221736646834525,-0.0010775697377297666
2014-11-13,0.004040141619345701,0.0011277281700632358
2014-11-14,-7.656921068621703e-05,0.000244977060577245
2014-11-17,-0.00035044759625309685,0.0006365297116772695
2014-11-18,0.004854852395501652,0.005773293810402924
2014-11-19,-0.0066210312577578145,-0.00160499486764909
2014-11-20,0.0043309833691806965,0.001754203671545218
2014-11-21,0.0047289592831496466,0.005350434629637135
2014-11-24,0.004055628151835355,0.002806348138154391
2014-11-25,0.003869719669388279,-0.0007236867930162649
2014-11-26,0.006294547006389317,0.0025590877615353502
2014-11-28,0.005010167018530519,-0.0021190487074366215
2014-12-01,-0.006878196293546837,-0.006949852499970155
2014-12-02,0.005563936613146136,0.006463888418461128
2014-12-03,0.0015596858243574299,0.0038628607736790332
2014-12-04,0.0003396204100915382,-0.001106141515706982
2014-12-05,-0.0011097972966199743,0.001637167009640228
2014-12-08,-0.0024906120022355482,-0.006682543933589469
2014-12-09,0.0023462223296070173,-0.0006776857275142545
2014-12-10,-0.010911164304213461,-0.016031326030451543
2014-12-11,0.0038853878683335155,0.005069937007047498
2014-12-12,-0.011918296292835473,-0.01616120855107306
2014-12-15,-0.010061533058614939,-0.006869585864645367
2014-12-16,-0.00848019910392957,-0.008020175567959087
2014-12-17,0.020259637142927035,0.019605213365509133
2014-12-18,0.018596479683873717,0.024728873527579243
2014-12-19,0.002722564030905872,0.0042548249001128635
2014-12-22,0.00793689530112999,0.004600136193656512
2014-12-23,-0.0016611272312149574,0.0013493784267022413
2014-12-24,-0.0010613285540889508,9.620983061742194e-05
2014-12-26,0.004623040217976178,0.003224942017370447
2014-12-29,0.0022134053920136454,0.0013431876299119239
2014-12-30,-0.004252996487412767,-0.00536607461950267
2014-12-31,-0.01235021864802488,-0.009922734490037888
2015-01-02,0.003174560581475768,-0.0005354726354879213
2015-01-05,0.0026042839974399854,-0.018059717853102453
2015-01-06,0.0035452182229258242,-0.009418832261505972
2015-01-07,0.008557067414061887,0.012460879767380417
2015-01-08,0.0024980345970783504,0.017745455023584267
2015-01-09,0.000606591898870912,-0.008013650686616525
2015-01-12,0.0033466371043057537,-0.007833651463784452
2015-01-13,-0.0002492015590035793,-0.00281262733394283
2015-01-14,0.004072615492233663,-0.006037032483295346
2015-01-15,0.00039502945861635884,-0.009160902226872936
2015-01-16,0.004065806463613061,0.013114478684830067
2015-01-20,0.0003965464151250617,0.0021327616895570056
2015-01-21,-0.005144912234467854,0.005047980775691796
2015-01-22,0.011519568648808357,0.014870489712466073
2015-01-23,0.00346845401166022,-0.005482153736032558
2015-01-26,0.0050098372456574,0.0023414338713914074
2015-01-27,-0.0009591955521296808,-0.013190735806296594
2015-01-28,-0.0023860194628050335,-0.012823915646419937
2015-01-29,0.0035790145452581816,0.009243699960994167
2015-01-30,-0.008278575198908695,-0.012575212994310525
2015-02-02,0.0005761732393370451,0.012383874548205442
2015-02-03,-0.007889339845759607,0.014461351436309666
2015-02-04,0.0006508850530294596,-0.003808012535977956
2015-02-05,0.0009137153992989275,0.010095235612227471
2015-02-06,-0.024208541712329185,-0.0027653664204609907
2015-02-09,-0.0013927628232170974,-0.004475715679087555
2015-02-10,-0.0035456063319662485,0.010653082680281978
2015-02-11,-0.004304239625752659,0.0005802401261594259
2015-02-12,0.003644450884757547,0.009616794923629213
2015-02-13,-0.0038237091102082768,0.00411650752587156
2015-02-17,-0.011407348229188022,0.00157315736513719
2015-02-18,0.006031553669879175,9.50412554658886e-05
2015-02-19,-0.010512194481394435,-0.0007139284800322665
2015-02-20,0.0023018102422294553,0.006000896633121533
2015-02-23,0.00693233171786393,-0.00014201787816192635
2015-02-24,-0.0026814733682464604,0.002840935925795929
2015-02-25,0.0027918824626648555,-0.0008499884615766895
2015-02-26,-0.007117220970559446,-0.001181359553335426
2015-02-27,0.005680500427467594,-0.003406259225267272
2015-03-02,-0.006000429182337044,0.006313256980294613
2015-03-03,-0.003815430221666527,-0.004103600488542081
2015-03-04,-0.004112797170785831,-0.004215620976133372
2015-03-05,0.001524061165052807,0.001093712449491413
2015-03-06,-0.022641184344198262,-0.014064221459021309
2015-03-09,0.007189380389779195,0.00414485575576129
2015-03-10,0.00030437971615674753,-0.016222493693523132
2015-03-11,0.00476709145948521,-0.0023413211918676957
2015-03-12,0.011100869810513614,0.012713906437565203
2015-03-13,-0.002417085442511846,-0.006132333892245434
2015-03-16,0.008606133029248323,0.01336023857158608
2015-03-17,0.0035332882256095726,-0.002972319987813443
2015-03-18,0.016073646060788205,0.012021458533993723
2015-03-19,-0.0012136371932272385,-0.004561328793450503
2015-03-20,0.013057037729126733,0.008827275584968985
2015-03-23,-0.0011179954145607018,-0.0019486771152585902
2015-03-24,0.000305796283375237,-0.005619066802115769
2015-03-25,-0.016528183316900535,-0.014654013157796242
2015-03-26,-0.007346684382746993,-0.0023813384153333894
2015-03-27,0.006708828915700607,0.0022893665004928287
2015-03-30,0.007638597950540374,0.012199704732820393
2015-03-31,-0.0032918016295573334,-0.008739242412949322
2015-04-01,0.0037045227158474616,-0.0035358704340330283
2015-04-02,-2.7552837275328194e-05,0.003597500828566025
2015-04-06,0.002984351496447009,0.006732693554026836
2015-04-07,0.00020946682062080325,-0.0026464495746806316
2015-04-08,0.004388068959815915,0.0033772831152525384
2015-04-09,-0.005062684583296802,0.004423837773220418
2015-04-10,0.002744383730955091,0.005456912182669749
2015-04-13,-0.0014376590727876264,-0.004522994669543534
2015-04-14,0.004763881148498905,0.0019133077134982912
2015-04-15,0.0035611689853243997,0.004486848424849255
2015-04-16,-0.000942823672003823,-0.00028526035119713633
2015-04-17,-0.005771854843702832,-0.011503101474221955
2015-04-20,0.0006803166537509378,0.009136461191729506
2015-04-21,0.0011236586280341334,-0.0011912564771777712
2015-04-22,-0.00393372990051033,0.004914518215594077
2015-04-23,0.0041952278987828304,0.002516096354694408
2015-04-24,0.002910201694172998,0.0023201783401944898
2015-04-27,-0.0020493314753650127,-0.004157790630868519
2015-04-28,-0.002355559017717705,0.003178960105808759
2015-04-29,-0.010607194477691243,-0.004114690149228051
2015-04-30,-0.009992063438751623,-0.010020182026014068
2015-05-01,0.000727965963010836,0.010841316012094593
2015-05-04,0.0021348001145274536,0.0028473679846743316
2015-05-05,-0.014004443485001367,-0.011451733268352582
2015-05-06,-0.005555547107201038,-0.004116916049211383
2015-05-07,0.00042225186857084817,0.003989312800029454
2015-05-08,0.016125021208040675,0.013166097167720103
2015-05-11,-0.007382699171659678,-0.004772360614741622
2015-05-12,-0.002806395448776107,-0.0029918872466385693
2015-05-13,0.0037970773770198045,0.0001909315233725728
2015-05-14,0.012176664061031682,0.01042759971509355
2015-05-15,0.0029590765428425905,0.001083805761485701
2015-05-18,-0.0030595294043099424,0.0031066165235709153
2015-05-19,-0.0010879829767881377,-0.0003282024550890217
2015-05-20,0.000616291295587712,-0.0007042741707059541
2015-05-21,0.0023209051137888332,0.0029122106287653438
2015-05-22,-0.0013797665288339438,-0.002388555400763326
2015-05-26,-0.015117736511616334,-0.010751654811429923
2015-05-27,0.008696953404492353,0.009492216061624648
2015-05-28,-0.005702034246013491,-0.0011281720327467326
2015-05-29,-0.008418397741287054,-0.006213252746316789
2015-06-01,-0.0014099841391171555,0.0020370558284994456
2015-06-02,0.0011418870224251625,-0.0009930310499529638
2015-06-03,0.006165869353567184,0.0026496709055137124
2015-06-04,-0.00945071943022561,-0.008446959178006086
2015-06-05,-0.0023460383860758323,-0.0017130433199624706
2015-06-08,-0.005383869365683135,-0.006149588854080568
2015-06-09,-0.003400375237771184,-0.00014396425875562446
2015-06-10,0.0157256968119861,0.011993014257778212
2015-06-11,0.0022353046632742992,0.0032239362884629585
2015-06-12,-0.006386322411657375,-0.007654793468220067
2015-06-15,-0.004728106210448502,-0.0042856230870724765
2015-06-16,0.004079615720737635,0.005452049021301253
2015-06-17,-0.0003421101241460889,0.0016167214641620298
2015-06-18,0.012317208612092548,0.010399288997813949
2015-06-19,-0.0026096783909488703,-0.0044389954675728704
2015-06-22,0.011058627904642293,0.005122844345420097
2015-06-23,0.001861547799196413,0.0007080045629455078
2015-06-24,-0.007396057006986015,-0.007262766181308389
2015-06-25,-0.0009945153960450037,-0.0030402565333824683
2015-06-26,-0.0032767344244950163,-0.0001904646788747355
2015-06-29,-0.026531060597288082,-0.02097080651251615
2015-06-30,0.0015396572128527628,0.0020932656538985572
2015-07-01,0.0057866354103244255,0.00801585478268052
2015-07-02,-0.0019520048994183805,-0.0009157025344462832
2015-07-06,-0.007600448623718929,-0.002845940903622668
2015-07-07,0.001318905318502613,0.006288377179391791
2015-07-08,-0.01865006052107946,-0.016777005973525605
2015-07-09,0.006510496083721006,0.0018093211716885271
2015-07-10,0.020643181675664035,0.012591372280849056
2015-07-13,0.010855903620099694,0.011036857357609398
2015-07-14,0.006838937604773942,0.004338072681955296
2015-07-15,-0.002635958790465631,-0.00033184224393467687
2015-07-16,0.009581148232897943,0.008024123728218147
2015-07-17,0.0029011793905720697,0.0008477576706165113
2015-07-20,0.00020994161760989883,0.0005176640140047706
2015-07-21,-0.0027445033707375792,-0.003951236658646828
2015-07-22,-0.005096837724164842,-0.0017945610875059748
2015-07-23,-0.005799371759067861,-0.0056298286365709105
2015-07-24,-0.012299590162601588,-0.01037209719076948
2015-07-27,-0.00798150071516912,-0.005817478162459699
2015-07-28,0.00992639507628823,0.012283535119116396
2015-07-29,0.0033857110472153744,0.006878458562213918
2015-07-30,0.0022817265303691765,0.000237313517206017
2015-07-31,0.003406573846803355,-0.0015177343038683677
2015-08-03,-0.0039038768184101636,-0.003373078027599674
2015-08-04,-0.00206855214606146,-0.001954136247787952
2015-08-05,0.004436597542685586,0.0032953206010419844
2015-08-06,-0.012570040803180397,-0.008187371413462041
2015-08-07,-0.0032997909571911652,-0.0019200313698235494
2015-08-10,0.01184450543433524,0.012599351312684082
2015-08-11,-0.0101389698120982,-0.009023432207010074
2015-08-12,0.0009116583295916136,0.001198157813723677
2015-08-13,-0.002068963276009324,-0.0012444667614105454
2015-08-14,0.0038738736791153654,0.003642096722911159
2015-08-17,0.008154476037804725,0.005586993011845509
2015-08-18,-0.005328961824287251,-0.0028968644807462196
2015-08-19,-0.008283277184291374,-0.007905260638532474
2015-08-20,-0.024622341110688947,-0.020881354586104517
2015-08-21,-0.02849754384679526,-0.03010220672051267
2015-08-24,-0.03987236931948464,-0.04210722928671473
2015-08-25,-0.007738474186743264,-0.011767755503887867
2015-08-26,0.03806373245675698,0.03839380476487375
2015-08-27,0.022645890471017685,0.024735253038990157
2015-08-28,0.003243595152320607,5.0146683641782985e-05
2015-08-31,-0.008038186253528923,-0.008079180765504956
2015-09-01,-0.030915629400197393,-0.02984769503787421
2015-09-02,-0.0027194175062007497,0.018980920399085388
2015-09-03,0.0024448740433011817,0.0007168582315910665
2015-09-04,0.00309425926887541,-0.015137110661874842
2015-09-08,-0.004393661980363173,0.025131085882504012
2015-09-09,0.00037539838831301964,-0.01337184203337205
2015-09-10,-0.0022528352815790464,0.005441842591609625
2015-09-11,0.0026345810093482136,0.004544167942459376
2015-09-14,0.0009377913613202171,-0.0037103887442920813
2015-09-15,-0.007873656305620536,0.012498960077333754
2015-09-16,-0.00028339722680736923,0.008667077224078668
2015-09-17,0.00831688838694955,-0.0022478057243436877
2015-09-18,0.00468633083872394,-0.01634141505070197
2015-09-21,-0.005690721279320465,0.0051677456286087775
2015-09-22,0.0049720445132157565,-0.012979862525057118
2015-09-23,-0.0011199653578893853,-0.0015986444666723498
2015-09-24,0.0014954508780726794,-0.003616110864348432
2015-09-25,-0.002612947965353274,-0.00025880630452912445
2015-09-28,0.005707853169567789,-0.02509749289420149
2015-09-29,0.003442691882319382,0.0005848219387152298
2015-09-30,0.00018525862103491164,0.01865835922231529
2015-10-01,0.0007793073775979042,0.0026093007514840227
2015-10-02,0.004824632766121217,0.01493787494059462
2015-10-05,-0.005539590790936022,0.017795103834806314
2015-10-06,0.0020426708228187263,-0.0034262858663071105
2015-10-07,-0.002501196917688353,0.008190547763420764
2015-10-08,-0.00260144061295986,0.009026553472117005
2015-10-09,0.0005590033362172786,0.000596224035094739
2015-10-12,0.0033505949972745253,0.0009436774245592527
2015-10-13,0.0009274965767929189,-0.006301815492057994
2015-10-14,0.005468694492855475,-0.004794294925421161
2015-10-15,-0.003411237919454857,0.015354805454788512
2015-10-16,-0.0008319048144938002,0.004546587859143747
2015-10-19,-0.00046325994708940055,0.0004919225546222705
2015-10-20,-0.003426534863734787,-0.0012782623510376734
2015-10-21,0.0034383163746651846,-0.006203805039866617
2015-10-22,0.0010189179369322066,0.016893633134608788
2015-10-23,-0.005643193553621084,0.010961484984239878
2015-10-26,0.002604885900908016,-0.002457351263653429
2015-10-27,0.0025057797870433607,-0.0019322338974058217
2015-10-28,-0.005183792598930093,0.01137429172303861
2015-10-29,-0.006141331163289854,-0.000574225734148448
2015-10-30,0.001965621449724786,-0.004309777742864673
2015-11-02,-0.003539146971608693,0.011831036677579787
2015-11-03,-0.0030627248454108873,0.0028991602638244185
2015-11-04,-0.0018018438408927695,-0.003032984275664785
2015-11-05,0.0002082809907699712,-0.0009984622331400406
2015-11-06,-0.012393298908623951,-0.0005231224362084452
2015-11-09,-0.009822819848851989,-0.009331587985741963
2015-11-10,0.0035982929104059203,0.0023065059392528564
2015-11-11,-0.00018421996755857428,-0.003931417309375518
2015-11-12,-0.005320508817205397,-0.013959758342515394
2015-11-13,-0.009073783813626297,-0.011228656561891981
2015-11-16,0.009073167874598997,0.015207123889589003
2015-11-17,0.00011525704358576286,-0.0007292736979418457
2015-11-18,0.009172112122669255,0.015865924124286
2015-11-19,0.0019847010258377353,-0.0008624207339656964
2015-11-20,0.005992501859286199,0.0036440288431780488
2015-11-23,0.00019486765031972997,-0.0011466502321005878
2015-11-24,-0.001741457715271788,0.0013393813921607212
2015-11-25,0.0018315563970100848,-0.00014306471404057497
2015-11-27,0.003713030523210259,0.0011465950771041289
2015-11-30,-0.0031792910707275635,-0.004151494852660753
2015-12-01,0.009390942758207102,0.009535207803632373
2015-12-02,-0.012248441925729898,-0.010204781814379338
2015-12-03,-0.015559901314914765,-0.014002829064256539
2015-12-04,0.020649546923300195,0.01950290975401403
2015-12-07,-0.004452184883722787,-0.006058477790952144
2015-12-08,-0.0025064362703557013,-0.006719610855926872
2015-12-09,-0.009514252217162103,-0.007779368029281919
2015-12-10,-1.632904271938341e-05,0.00258049883082645
2015-12-11,-0.014731814105932975,-0.019380825680730518
2015-12-14,0.005756607254604102,0.0050524832537623965
2015-12-15,0.009161227396599747,0.01049763393600256
2015-12-16,0.016342564435968855,0.014632243381839105
2015-12-17,-0.01159228085524914,-0.015238151918531728
2015-12-18,-0.016206706085789075,-0.01781492855249167
2015-12-21,0.007758864148086427,0.00824912030225744
2015-12-22,0.006559670310648153,0.009074345011066631
2015-12-23,0.01002882985207054,0.01238314149529085
2015-12-24,-0.0006094580631513431,-0.001650656757396396
2015-12-28,0.0009074407171839235,-0.0022850323298592157
2015-12-29,0.01234845611976761,0.010672442178002228
2015-12-30,-0.006523010831286147,-0.007088233779765973
2015-12-31,-0.010384855900452942,-0.010003281839334743
2016-01-04,-0.016039351089285597,-0.013979286664155377
2016-01-05,0.008781014913205543,0.0016914436236330488
2016-01-06,-0.006172831222486297,-0.012614429755668954
2016-01-07,-0.025398345851837922,-0.023991673688403825
2016-01-08,-0.010787407646263958,-0.01097646956005427
2016-01-11,0.0043786765473999845,0.0009898426078580602
2016-01-12,0.002461123893824968,0.008068811955905808
2016-01-13,-0.02441704353508445,-0.024940732791855158
2016-01-14,0.009467836712854005,0.016416875555449906
2016-01-15,-0.018935603122657685,-0.021466088018769036
2016-01-19,0.0037375574669851197,0.001330586262648481
2016-01-20,-0.014960005697456924,-0.012814380455257068
2016-01-21,0.003269155757594122,0.005601382587543391
2016-01-22,0.028399284472992337,0.020515196499302446
2016-01-25,-0.010561174562182307,-0.015116536563043237
2016-01-26,0.014969778790245303,0.013643469505020267
2016-01-27,-0.022132388727955032,-0.010883388164217855
2016-01-28,0.0032441486265324393,0.0052091019833357954
2016-01-29,0.020714430874382517,0.0243774890651256
2016-02-01,0.0011886112442400796,-0.0003615755275219179
2016-02-02,0.012818602180086902,-0.01802194688095138
2016-02-03,-0.004695354389171236,0.005995070083508525
2016-02-04,0.0036120200886921028,0.001568293080067562
2016-02-05,0.0012219527662740148,-0.019050013938182064
2016-02-08,0.014495395206235884,-0.013461583833002777
2016-02-09,0.0006228072402776341,5.397978930310465e-05
2016-02-10,0.005898171143970177,-0.0008624587218432067
2016-02-11,0.005800852334841955,-0.013008128333970914
2016-02-12,-0.012114606642551984,0.02061676487213826
2016-02-16,-0.006777482019822256,0.016878355681185342
2016-02-17,-0.004299175700604618,0.016334697792783848
2016-02-18,0.00846698420929648,-0.0040959962645265025
2016-02-19,0.0004199463684654292,-0.000468477724411831
2016-02-22,-0.0007646580012128368,0.014479183222371184
2016-02-23,0.003020113857757356,-0.012629483215652382
2016-02-24,-0.0009887666813315765,0.0045754638141399795
2016-02-25,0.0032830416713526267,0.012112126684844737
2016-02-26,-0.007256584113217279,-0.0023016154811917877
2016-02-29,0.0030006262062296507,-0.00784230228642202
2016-03-01,-0.013045480779106148,0.023506686119985742
2016-03-02,0.003373037491186559,0.004492537576604283
2016-03-03,0.007368927605830189,0.003919369386535365
2016-03-04,-0.003788600004435112,0.0032536768069937327
2016-03-07,0.0008835585166013792,0.0007981839801882717
2016-03-08,0.0040692703089501014,-0.010917529593573838
2016-03-09,-0.00609889975818619,0.004939365872050683
2016-03-10,0.0027927950480410853,0.0008025690197102087
2016-03-11,-0.010052317717374581,0.016137195733658904
2016-03-14,-0.003005942492479689,-0.0012822888637519236
2016-03-15,0.000505972814170863,-0.0016292972838758413
2016-03-16,0.010174232037134226,0.0057867346820017485
2016-03-17,0.0004729869178780044,0.006344379736010097
2016-03-18,0.0003629544169670613,0.003929614021649597
2016-03-21,-0.00583907620815068,0.0014189842043077494
2016-03-22,0.00019938524356055687,-0.0005378094658864407
2016-03-23,-0.0022366068099678076,-0.006599171188674813
2016-03-24,-0.0010069505860557104,-0.0004430504305696914
2016-03-28,0.0016992348110108264,0.0005907593500475983
2016-03-29,0.011925848019350704,0.009249972158385633
2016-03-30,-0.008623224034830327,0.004387846129725537
2016-03-31,0.005114784949874347,-0.0024271399167064
2016-04-01,-0.0015724807732512278,0.006812088651512838
2016-04-04,-0.002497283701030269,-0.0032379779332966097
2016-04-05,0.005784903466438933,-0.009987845529796813
2016-04-06,-0.003657324529869814,0.010921161969163595
2016-04-07,0.006792037045830868,-0.011965721602248736
2016-04-08,-0.0007591577366192017,0.002696510093328053
2016-04-11,0.0033925235215426226,-0.0023470916790422347
2016-04-12,0.00016472970089816607,0.009313104999674415
2016-04-13,-0.00385837090244201,0.010100648842736426
2016-04-14,-0.008099599903115706,4.813265637126918e-05
2016-04-15,0.007657726968152515,-0.0011056127680441064
2016-04-18,-0.0003503079570774299,0.007026314578497894
2016-04-19,0.004327467413877905,0.003154573589548848
2016-04-20,-0.011014310635595843,0.0009528239344018807
2016-04-21,-0.006668491130291517,-0.005378283489893554
2016-04-22,-0.0015008257596811347,0.0
2016-04-25,0.0023557149990530712,-0.0017227501858851912
2016-04-26,0.001105784996472588,0.0014855047194337612
2016-04-27,0.0040803720050911485,0.002058608413464169
2016-04-28,0.006990243897272059,-0.009075737484306123
2016-04-29,0.004270844205670921,-0.005398813370350197
2016-05-02,4.534431273883787e-05,0.007948307420776457
2016-05-03,-0.015283593007076008,-0.008703223959182438
2016-05-04,-0.00719842196581466,-0.005578195131669683
2016-05-05,-0.0037768311208460728,-0.00019507513027483547
2016-05-06,0.005677775725926315,0.0036593606542170143
2016-05-09,-0.018428981647836795,0.0008261857919327209
2016-05-10,0.01549497163764668,0.012433893668397422
2016-05-11,0.01010748569296856,-0.009354806441586927
2016-05-12,-0.0030703697490850703,0.00029045770151947536
2016-05-13,-0.0049316724761225466,-0.008714077520185382
2016-05-16,0.007958309085183801,0.009865035098788777
2016-05-17,0.0021230099490621894,-0.009333613731865031
2016-05-18,-0.011548800250946066,0.00029297310211573446
2016-05-19,-0.004655692077850696,-0.0034649102919522834
2016-05-20,0.004269789991003173,0.006317251970702209
2016-05-23,-0.0033867388943696897,-0.0013624238456069193
2016-05-24,-0.0023588228547839485,0.012962263915849093
2016-05-25,0.0069797505464776295,0.006783412261925692
2016-05-26,0.0008652373898072605,0.0002863411732709764
2016-05-27,-0.0014888046284112777,0.004299479082219282
2016-05-31,-0.000355413724781354,-0.0019026513958942948
2016-06-01,0.0021863981177024936,0.0020491527208295057
2016-06-02,0.004946850575029045,0.0030435512739610537
2016-06-03,0.0015851112950178155,-0.002986933000529879
2016-06-06,0.005032024475935759,0.005088614245962075
2016-06-07,0.0062898123192410465,0.0015609854843343651
2016-06-08,0.01025743247389932,0.003259673391274198
2016-06-09,-0.002035244654085962,-0.0013657677453784434
2016-06-10,-0.010172081114263005,-0.009477168050136875
2016-06-13,-0.0035396808518435665,-0.007711653900198123
2016-06-14,-0.003993865975065125,-0.0019671051506331416
2016-06-15,0.0016413263375432512,-0.0013941073065347753
2016-06-16,-0.003862684164974742,0.0029845227610814096
2016-06-17,0.005849507259972242,-0.0037239163609059656
2016-06-20,0.00714704518404563,0.00643966309256494
2016-06-21,-0.0019612807115810815,0.0028386364823349552
2016-06-22,-0.003773280403843356,-0.0016309668157808987
2016-06-23,0.010682609175075129,0.0130225663711101
2016-06-24,-0.022372987959780672,-0.035909115203840436
2016-06-27,-0.011375593497517414,-0.017909777381114544
2016-06-28,0.01751903266124414,0.018035894450807444
2016-06-29,0.016435199548718266,0.017027600946584176
2016-06-30,0.007714505293102802,0.01364569711018171
2016-07-01,0.0050941720290010135,0.002100460377337132
2016-07-05,-0.0030036357190451977,-0.007193139560424333
2016-07-06,0.0018316359310913688,0.005997659349383122
2016-07-07,-0.014143357768260551,-0.0006200364298102334
2016-07-08,0.010792435110431967,0.01489002123127725
2016-07-11,-0.0022582672922729268,0.003527485875104208
2016-07-12,0.0007436503342652303,0.0072631129723184085
2016-07-13,0.0007168044342414914,-0.00013958960323312564
2016-07-14,-0.00420086665533422,0.005583280115181166
2016-07-15,-0.002062404216718476,-0.0013417575283015681
2016-07-18,-0.00014960254507508553,0.0026873695126854447
2016-07-19,5.0635258749376355e-05,-0.0010165579501768551
2016-07-20,-0.00698918906960159,0.004163088880534849
2016-07-21,0.003920584256676407,-0.00377706737379202
2016-07-22,-0.00024186004856563393,0.004484992817120226
2016-07-25,-0.006602111549794509,-0.0027161033370989296
2016-07-26,-0.0016182234945661584,0.00046170277206036836
2016-07-27,-0.00048007983546908585,-0.001060748623237573
2016-07-28,0.0011933492007920596,0.0011542875013133003
2016-07-29,0.010507136019265598,0.0016146516727209015
2016-08-01,-0.005160963682975324,-0.0008293318128367311
2016-08-02,-0.011291484266704899,-0.006406976265072695
2016-08-03,-0.0006428307835357749,0.002922806089974417
2016-08-04,0.0020977000986062517,0.001063711046461524
2016-08-05,-4.5898741246090495e-05,0.008178983067907541
2016-08-08,0.0008475598532737086,-0.0005957417600687132
2016-08-09,0.005855182345189113,0.0005960968798732758
2016-08-10,6.755648664358299e-05,-0.002474840666173317
2016-08-11,-0.00532157790679529,0.004640387843877658
2016-08-12,0.004444998787898502,-0.0008685885068093757
2016-08-15,-0.0020515177122240047,0.0028835443635835123
2016-08-16,-0.006723407860987796,-0.005157403078547174
2016-08-17,0.003944837397157267,0.0018805841399085477
2016-08-18,-0.000618350098168093,0.0022440649502419863
2016-08-19,-0.0039629000613895515,-0.0014618913785485743
2016-08-22,0.004874873529876181,-4.5902117177809565e-05
2016-08-23,0.0011411992039507268,0.0020133100937733683
2016-08-24,-0.004400045042569856,-0.005114581514829131
2016-08-25,-0.00030342754008760853,-0.0006885746439090346
2016-08-26,-0.004747588433452946,-0.001883817796129006
2016-08-29,0.008202586317982355,0.004924697153837254
2016-08-30,-0.0030034355596349296,-0.001648752406002818
2016-08-31,0.0004718753680163686,-0.0028437783105207393
2016-09-01,-0.0002645326018827493,4.6064656813671334e-05
2016-09-02,0.006120002303262631,0.004507536292168712
2016-09-06,0.015192429792924456,0.0030227118469994263
2016-09-07,-0.0024249126333088693,-9.118993956591659e-05
2016-09-08,-0.0068227159761576886,-0.002283391668863599
2016-09-09,-0.01891695305448604,-0.023934526701247738
2016-09-12,0.0020214871788657436,0.01434735545305843
2016-09-13,-0.014385434700640465,-0.014375685338624211
2016-09-14,0.0026548530766018113,-0.000375101556751134
2016-09-15,0.0021387154923630334,0.009993127140835112
2016-09-16,-0.00039800468402332646,-0.0038657381173361482
2016-09-19,0.0022521679678449242,0.00018752984188696864
2016-09-20,0.0016668499938452541,4.668575799593455e-05
2016-09-21,0.01688338045257424,0.011245648155138399
2016-09-22,0.005813054343253595,0.006301403349109558
2016-09-23,-0.004392122683302617,-0.005479765482582111
2016-09-26,-0.003013467955484591,-0.00810171556178807
2016-09-27,0.0047789666553476415,0.006208028607745941
2016-09-28,0.001239493608673592,0.004963512195218733
2016-09-29,-0.005350362776471347,-0.009047465317679415
2016-09-30,-0.002685432333955832,0.007546082686276545
2016-10-03,-0.0003017499754985509,-0.0024040408651514467
2016-10-04,-0.005860786228297332,-0.005097780210234992
2016-10-05,0.008011842424097877,0.0044252662428367895
2016-10-06,-0.00025370000031636286,0.0006955564645960699
2016-10-07,-0.004891862275193411,-0.003429274608103605
2016-10-10,0.009725568331645357,0.005208400244506306
2016-10-11,-0.018539696913760263,-0.012629736316026596
2016-10-12,-0.0011835362686131907,0.0013120060874542983
2016-10-13,-0.006914461457086777,-0.003275592358385593
2016-10-14,-0.00040864290161923844,0.0005164323295006046
2016-10-17,-0.0016595875452908302,-0.003472159789934204
2016-10-18,0.010760861963010774,0.00626239889438307
2016-10-19,0.0034217893285963434,0.0026671107959357343
2016-10-20,-0.0023559110048769387,-0.0018666693061657469
2016-10-21,0.0009923668761465294,0.0004676650688109074
2016-10-24,0.007544577942221704,0.004252663307860116
2016-10-25,-0.003195753139005108,-0.0033505826507050918
2016-10-26,-0.00910030236427517,-0.0020075211096383105
2016-10-27,-0.00818682001265684,-0.0026669859856277567
2016-10-28,-0.004370835786893271,-0.002955467489439534
2016-10-31,0.0029096502832169913,4.7044585352651325e-05
2016-11-01,-0.00961205588168819,-0.007245196164595957
2016-11-02,-0.010643173908671939,-0.006018742941242494
2016-11-03,-0.005308306738032693,-0.004576996422683943
2016-11-04,-0.0068188612015585015,-0.001101682616378885
2016-11-07,0.0213400263641507,0.022057098562985544
2016-11-08,0.003874436483952914,0.004503772654847804
2016-11-09,-0.007733109887760622,0.01060197889843173
2016-11-10,-0.017555294630936785,0.002495571158126486
2016-11-11,-0.012550712335455533,-0.00230498009794744
2016-11-14,-0.006473663228495741,0.000785584511854287
2016-11-15,0.018746752233412895,0.007802937601679938
2016-11-16,-0.004865326701756545,-0.0018785143552922934
2016-11-17,0.003592583366165414,0.005140746337545465
2016-11-18,-3.109652111632499e-05,-0.002237533029493588
2016-11-21,0.01605872859526188,0.00755135671387519
2016-11-22,0.005627999556108857,0.00195315219739145
2016-11-23,-0.003589711603116496,0.0005443621190222014
2016-11-25,0.00025993977066514785,0.003715105522305695
2016-11-28,0.0016767035589761261,-0.004694701204704166
2016-11-29,-0.005016137686339979,0.0019503903852633453
2016-11-30,0.006691179622051271,-0.002399295621410502
2016-12-01,-0.004232808874880534,-0.00367561515481174
2016-12-02,0.002356093582079777,0.0005013277962153673
2016-12-05,0.009441886684977769,0.006008700201963979
2016-12-06,0.0031725270696500996,0.0031673804173564246
2016-12-07,0.005042298589475802,0.013080527494825578
2016-12-08,0.00671085394784295,0.0024487559061416864
2016-12-09,0.004383512607025075,0.006040518639471859
2016-12-12,-0.001764491778722991,-0.0011477208660390925
2016-12-13,0.003098291073440432,0.006673898909877574
2016-12-14,-0.01009286880325096,-0.008254140960675671
2016-12-15,0.003435818650561528,0.0041171532005819245
2016-12-16,0.00023455714405954775,-0.001955758430829291
2016-12-19,0.0009906732926880195,0.002177296995971023
2016-12-20,0.005612890413562091,0.003857556997368672
2016-12-21,-0.005022807585311187,-0.002782733808220139
2016-12-22,-0.003879324691851408,-0.0017273845067659055
2016-12-23,0.002906399504497485,0.0014643315455427075
2016-12-27,0.0074696235977147465,0.0024810763467346675
2016-12-28,-0.0059586781909881275,-0.00826458642064054
2016-12-29,0.0006438548011645413,-0.00022282778247117996
2016-12-30,-0.0018663612612848841,-0.0036549689705156485
2017-01-03,0.00020779958364995198,0.0076501009996601255
2017-01-04,0.010097843543671823,0.00594915094504378
2017-01-05,-0.0024205534973034864,-0.0007945244751467184
2017-01-06,-0.0004518423506389978,0.0035777335276456768
2017-01-09,-0.008340312320575749,-0.0033006898422275333
2017-01-10,0.001693268562728741,0.0
2017-01-11,0.005181030549794352,0.002826046542488303
2017-01-12,0.0014823470854626137,-0.00251028507659945
2017-01-13,0.0025518189607322732,0.0022957133829608622
2017-01-17,-0.005909886998529567,-0.0035233989698961743
2017-01-18,-0.0011109239818217764,0.002209900964045497
2017-01-19,-0.005012719496170733,-0.0037045846892378442
2017-01-20,0.006768412388299986,0.0036742802266529484
2017-01-23,-0.0022558810974494894,-0.002602419370089759
2017-01-24,0.008081552164747707,0.006411845507712233
2017-01-25,0.003928976499089224,0.008655526532788338
2017-01-26,-0.00020892240164815945,-0.0010453626734672206
2017-01-27,-0.004398505509182193,-0.0015699166906506523
2017-01-30,-0.008622362962898015,-0.006201631491844384
2017-01-31,0.0042196035109379,-8.806856983023525e-05
2017-02-01,0.0031993088390444386,0.00039560365964530497
2017-02-02,-0.0009111351148835729,0.0006591824907180577
2017-02-03,0.008348543544172138,0.0068926631640779945
2017-02-06,-0.002706357475972032,-0.001787567701123205
2017-02-07,-0.0002391053938740617,4.373014583647361e-05
2017-02-08,0.00039950091807483535,0.0013105312910726141
2017-02-09,0.007881012190245357,0.005932454332692849
2017-02-10,0.004950193629074043,0.003945937111656139
2017-02-13,0.004568507638251636,0.0054427785371420345
2017-02-14,0.003559432218459705,0.003995397076030471
2017-02-15,0.005704868200287372,0.005220422471032382
2017-02-16,-0.0013181596891279623,-0.0008510199870149782
2017-02-17,0.0017541158442663978,0.0015759883897583649
2017-02-21,0.006240359957583541,0.005955319502054746
2017-02-22,-0.0016423583178286996,-0.0008883017492711254
2017-02-23,-0.003008120250573176,0.0006773173672811605
2017-02-24,0.0008238685163696191,0.0012690355329949554
2017-02-27,0.004175872586381338,0.0015625413987023773
2017-02-28,-0.007064806496702195,-0.0026989636598296896
2017-03-01,0.013733556087062393,0.013997631893931883
2017-03-02,-0.009352653427322536,-0.006297508796235141
2017-03-03,0.001860893251340423,0.0006292725670105082
2017-03-06,-0.002067244528232111,-0.0029776894387411046
2017-03-07,-0.001802615071706315,-0.0029869552526194942
2017-03-08,-0.008702522571491325,-0.0018565901661503625
2017-03-09,-0.007391134559678547,0.0012683919263640764
2017-03-10,0.004092628228592909,0.0035041937291067082
2017-03-13,0.006035006775846785,0.0005043035392939821
2017-03-14,-0.0027961459347645894,-0.003826080995849468
2017-03-15,0.017497388653370395,0.008653283324684624
2017-03-16,0.001158596325541457,-0.001966831701376126
2017-03-17,0.0008376553952844645,-0.0017559835246335753
2017-03-20,0.003903643022337995,-0.001097168767198009
2017-03-21,-0.010186047975018615,-0.012839521847849089
2017-03-22,0.0036783380037567937,0.002353259438304889
2017-03-23,0.0017000804210047422,-0.001067124712246792
2017-03-24,0.0011640534548036374,-0.000726398877564538
2017-03-27,-0.003397788198067871,-0.0010261920760288312
2017-03-28,0.004399542952238618,0.007276585461630347
2017-03-29,0.004012316291685339,0.0009348836658356063
2017-03-30,-0.0005905155653322947,0.0031841742823099928
2017-03-31,-0.0005899046384297462,-0.002327763981740394
2017-04-03,0.00229562307152135,-0.00173891399298165
2017-04-04,0.0005903385843654869,0.0006372231106277493
2017-04-05,-0.004136797762192038,-0.0029725133913316437
2017-04-06,-0.00036003252048858825,0.0028111765665503885
2017-04-07,-0.0009838949389193719,-0.001019530230802257
2017-04-10,-0.0016055866804069634,0.0005952704204907899
2017-04-11,-0.00063900378561114,-0.001189907533097334
2017-04-12,6.504095542295921e-06,-0.004381626619214818
2017-04-13,-0.004916506913591985,-0.0064949226331673104
2017-04-17,0.008308915303697187,0.008859891522155161
2017-04-18,-0.006227147210195275,-0.0029841950029061426
2017-04-19,-0.0028661806518759008,-0.0018385123529292002
2017-04-20,0.009569626380988128,0.008138906913377708
2017-04-21,0.0001399082997520784,-0.0031867302483445936
2017-04-24,0.017219248241111092,0.010998044548085506
2017-04-25,0.007698256397829617,0.005818160178674647
2017-04-26,-0.0026499225620888094,-0.0006284740143596146
2017-04-27,0.0018980684972934962,0.0008390350046616479
2017-04-28,0.0007239943871894712,-0.002179603047244516
2017-05-01,0.005904855351715921,0.0025201180021967584
2017-05-02,0.002902333443732622,0.00037741115167899686
2017-05-03,-0.007937457821326413,-0.00121485567068369
2017-05-04,-0.006961788765217691,0.0011740183741644206
2017-05-05,0.004603813515311102,0.003937401180740041
2017-05-08,-9.653479876166782e-05,-0.00016714711956788975
2017-05-09,0.0033931280711450014,-0.0009180273902095193
2017-05-10,0.002375859141243867,0.0017958176083552324
2017-05-11,0.0017888513996793622,-0.002042589896902647
2017-05-12,0.0030719754014835545,-0.0016709790449956907
2017-05-15,0.005339006219105139,0.00552346781737123
2017-05-16,0.0031621094311344113,-0.000915582298889217
2017-05-17,-0.008090475691589234,-0.01774415435089982
2017-05-18,-0.005344345633352732,0.004028533167750092
2017-05-19,0.010178911709701902,0.006504182441680495
2017-05-22,0.00452516931345448,0.005077494588408005
2017-05-23,-0.0014535444724722568,0.00221292077921853
2017-05-24,0.00414176826548703,0.002332605822541023
2017-05-25,0.004086270060127184,0.004779369442625692
2017-05-26,0.004750609587925503,-0.000206442208258939
2017-05-30,-0.0025797256653018836,-0.0008690026337216938
2017-05-31,-0.001355261724636847,-0.0002483041317251633
2017-06-01,0.004072232674199502,0.007952089878753732
2017-06-02,0.009151589660375326,0.0033285518852841367
2017-06-05,-0.002303636180677045,-0.0007371279696640753
2017-06-06,-0.002112186541778101,-0.00319710773680415
2017-06-07,0.0010073415117944164,0.001850239348012428
2017-06-08,0.0017480047611253915,0.00049256800106523
2017-06-09,-0.012130891087109075,-0.001517430696303057
2017-06-12,-0.00480530918094831,-0.0002057674909977658
2017-06-13,0.006889474524961395,0.004889995401719638
2017-06-14,-0.001779020604648518,-0.0012676618326659117
2017-06-15,-0.00838369803739325,-0.0019242036123654493
2017-06-16,0.001956509523579804,0.00021820108224845924
2017-06-19,0.010244714646226708,0.00832535909401555
2017-06-20,-0.00897757280840535,-0.006744234875756261
2017-06-21,0.003622989271476455,-0.00024679190392529193
2017-06-22,0.0015583610260306116,-0.00045302118302192884
2017-06-23,0.0038764524118963806,0.001194554399326364
2017-06-26,0.0022183062788940036,0.0006579793462939687
2017-06-27,-0.009995796928477702,-0.008056173769558916
2017-06-28,0.010293937579661867,0.008950284345943249
2017-06-29,-0.01331075861616678,-0.00878890575949376
2017-06-30,0.0018630236796662498,0.001864761135628168
2017-07-03,-0.0023210708718106967,0.0016955276175252276
2017-07-05,-0.0005600432881103233,0.002312037585234572
2017-07-06,-0.00825373577889273,-0.00914444820574667
2017-07-07,-0.0012970370765816495,0.006485054487449071
2017-07-10,0.004472239586807758,0.0010739386842648635
2017-07-11,0.004068550965341014,-0.0007429101375000524
2017-07-12,0.011411833810716013,0.007514799114717086
2017-07-13,0.0005076108195548601,0.001680387613726575
2017-07-14,0.006931891094708708,0.004664150828469715
2017-07-17,-0.001269902833588854,-0.00012232903034470333
2017-07-18,0.004215635779776017,0.000529775961757073
2017-07-19,0.004361093972162481,0.005413731834461144
2017-07-20,0.0019328374773455912,0.0004456111953112796
2017-07-21,-0.00011493087425754988,-0.0008905412286697167
2017-07-24,-0.0012078977731229492,-0.00024292327727692964
2017-07-25,-0.0047254276164303555,0.0024308188624544425
2017-07-26,0.005344923930692043,4.0446153716233724e-05
2017-07-27,-0.004208334960479861,-0.0009296562691381016
2017-07-28,0.0021732631383481285,-0.0011730591417967728
2017-07-31,0.0014831502366339233,-0.0005667758029466174
2017-08-01,0.00483919577948233,0.0022286187949152048
2017-08-02,0.0013575193979370828,0.00048526611124666275
2017-08-03,-0.002463155160730331,-0.0019399810642182214
2017-08-04,0.0022674377212935264,0.0018222585256859603
2017-08-07,0.004535103343414892,0.0018592498014688985
2017-08-08,-0.0022790527491430845,-0.002461036074513756
2017-08-09,-0.003997780019688313,-4.047232481141361e-05
2017-08-10,-0.019775638962958753,-0.0141152590532444
2017-08-11,0.0027021432106809997,0.0014766995423116658
2017-08-14,0.010136046306276736,0.009913307909099833
2017-08-15,0.00036501732827431965,-0.00012170035549463609
2017-08-16,0.005942368904230462,0.0017444653784088882
2017-08-17,-0.014816334154073905,-0.015590944975042431
2017-08-18,0.003521536612212106,-0.0015633194950981366
2017-08-21,0.0006956645599928515,0.0007829559799925612
2017-08-22,0.01041949180201233,0.010456904759082564
2017-08-23,0.00044224228694363554,-0.00358518518306572
2017-08-24,-0.0006850333434052316,-0.0023307401124630367
2017-08-25,0.0032469317881361386,0.0023361851529091204
2017-08-28,-0.00015398137991262661,4.063199259718431e-05
2017-08-29,-0.0006331116509900407,0.0011452587836913164
2017-08-30,0.003987831756018171,0.0047372696812015835
2017-08-31,0.006653707797649326,0.006016200680278416
2017-09-01,0.0017795023355616788,0.0014140797911583736
2017-09-05,8.426222275703774e-06,-0.007182185341170211
2017-09-06,0.0037692908624302,0.003413900977821127
2017-09-07,0.005704020259432581,-0.00012159401649358692
2017-09-08,-0.006335246337904795,-0.001174556138534899
2017-09-11,0.0004801598620602917,0.010666027956208746
2017-09-12,0.0014910449246717064,0.003370537176720756
2017-09-13,-0.00272656047910332,0.00047996807327632673
2017-09-14,0.0025629412957822355,-0.00031966146061779277
2017-09-15,0.0018493971183170714,0.001346096268171948
2017-09-18,-0.0023715514668180746,0.0021266721209303174
2017-09-19,0.0007726896797270268,0.0010013708160641066
2017-09-20,-0.0013673592478434067,0.00035992040936716485
2017-09-21,-0.0038316644219884193,-0.002679429300352032
2017-09-22,0.0009247179914827854,0.00020048312089038234
2017-09-25,0.0034535755785773947,-0.0020447000352562528
2017-09-26,-0.0075935289425936485,0.0006026310420745862
2017-09-27,-0.005625755218765145,0.0038945080471910476
2017-09-28,0.000402938696120995,0.001199723585697976
2017-09-29,0.00039643937732850953,0.003514888452010867
2017-10-02,-0.005293615415904377,0.004338689835829523
2017-10-03,0.006208557887994532,0.0021403102754071757
2017-10-04,0.0006829839228529682,0.0011863221498524812
2017-10-05,0.00945774229139884,0.005925134340791782
2017-10-06,-0.00639108149770847,-0.0011389720096752765
2017-10-09,-0.00038407519922278865,-0.0016506900791088963
2017-10-10,0.007475095241246639,0.0026383165955148336
2017-10-11,0.003162100685971225,0.0015708519046520042
2017-10-12,-0.001183433196351095,-0.0014902256773268174
2017-10-13,0.007553871364012273,0.0012174778669233888
2017-10-16,0.001787393613470948,0.001333513227312455
2017-10-17,-0.0017167961635083198,0.0007051823270975976
2017-10-18,0.00017403356989328,0.000978627141554611
2017-10-19,-0.005667289647828847,0.00027340065739123176
2017-10-20,0.003846585809951008,0.0051608880292530745
2017-10-23,-0.004840181043655763,-0.0038894711540911064
2017-10-24,0.003982985873716149,0.0017568676841801523
2017-10-25,-0.0015648453643924234,-0.004950041325246013
2017-10-26,-0.001840629759145044,0.0012927316197186567
2017-10-27,0.016227595235666154,0.008176251541726742
2017-10-30,-0.0005087221639697991,-0.003725248138036874
2017-10-31,0.0052144664955658575,0.001558092688790147
2017-11-01,0.0014940048414124516,0.0013219686197707414
2017-11-02,0.0024343857363335513,0.0003884885535978544
2017-11-03,0.005049397393464808,0.0033387139511773523
2017-11-06,0.007883009035155819,0.0015476410640762328
2017-11-07,-0.005809477704535881,-0.000695416299521523
2017-11-08,0.0011877184128632476,0.001700984417885909
2017-11-09,-0.0023152067820991773,-0.003627854707277667
2017-11-10,-0.0008801497804289034,-0.00030998576406782163
2017-11-13,-0.0005132957722704019,0.000930042589046387
2017-11-14,-0.00660771924821916,-0.0023224050275179042
2017-11-15,-0.003301108236574146,-0.005005248115372507
2017-11-16,0.008123352446500679,0.008501013653927636
2017-11-17,0.005657884881119661,-0.002938963216350343
2017-11-20,-0.0004899523721994354,0.0017067343651424594
2017-11-21,0.009361052895365077,0.006542471484309198
2017-11-22,0.0018063854818246572,-0.0008844076155545277
2017-11-24,0.002369749164984558,0.002309619482422587
2017-11-27,-0.0017732773773259103,-0.0004992130014388474
2017-11-28,0.004681355025948093,0.010144724583442288
2017-11-29,-0.006943131226837354,-0.0006085544263778608
2017-11-30,0.001965579346330089,0.008754768011681291
2017-12-01,-0.00023040196983300094,-0.002075264718040981
2017-12-04,-0.005734965013269089,-0.001209989331589445
2017-12-05,-0.004522403706547884,-0.003596732847512274
2017-12-06,-0.0070947071873154926,0.00019017021130007805
2017-12-07,0.004433827849270525,0.003153305253221328
2017-12-08,0.0038053434505177877,0.00545269393392922
2017-12-11,0.0017075383360383905,0.003012846279108583
2017-12-12,-0.0033633632607646216,0.0017651485239185138
2017-12-13,0.00047966876224507017,-0.00011223924430114884
2017-12-14,-0.003996127808258161,-0.004086582715298714
2017-12-15,0.007528283134070464,0.008327569478941088
2017-12-18,0.008097240954060576,0.006341354868440119
2017-12-19,-0.0014015815075976894,-0.0038405882710897954
2017-12-20,0.0023500748040697905,-0.0005238934580390486
2017-12-21,0.0023526824213770947,0.0020594409060550323
2017-12-22,0.0007513104104481805,-0.00026125309377378336
2017-12-26,0.004735197465100019,-0.0011964776063119187
2017-12-27,0.0006471326098244449,0.0004867102472476681
2017-12-28,0.003609850180546529,0.0020572717511575522
2017-12-29,-0.0030039413600596583,-0.00377050736520701
2018-01-02,0.006806207244358024,0.007157274879150632
2018-01-03,0.007344695263845328,0.006325217856579579
2018-01-04,0.0015909963969508538,0.004215005305787667
2018-01-05,0.004376359768609024,0.006663893670529664
2018-01-08,0.0017070873530827073,0.0018286144663326453
2018-01-09,0.0029705969705116075,0.0022636705714957905
2018-01-10,-9.942707800155337e-05,-0.0015299316380252836
2018-01-11,0.0045158805231615045,0.00729596924440834
2018-01-12,0.006797375218439815,0.006519044177344835
2018-01-16,-0.0036632539196341423,-0.003418211273061522
2018-01-17,0.00716899008181356,0.009531489396016557
2018-01-18,-0.0004999670925835235,-0.0016809045119925425
2018-01-19,0.001970468035025985,0.004549900620362202
2018-01-22,0.007067234559313906,0.008130809486498025
2018-01-23,0.005827517390373163,0.002122183699728053
2018-01-24,0.0012286583236938613,-0.0003878790556046674
2018-01-25,-0.0019132484895157953,0.0004235672290682224
2018-01-26,0.011498647804629131,0.011577367465968491
2018-01-29,-0.004794607639053149,-0.0066297193886601935
2018-01-30,-0.008488301433549578,-0.010257180792786147
2018-01-31,0.0019393882791470438,0.0004973207477010355
2018-02-01,-0.00023139538292538104,-0.0011352168281405506
2018-02-02,-0.022446969493773672,-0.021769985597989594
2018-02-05,-0.03877199895434287,-0.04182256865308576
2018-02-06,0.026246422282785616,0.019702557136190846
2018-02-07,-0.016625152043280078,-0.005425201324342099
2018-02-08,-0.03811802114202271,-0.03750896172669815
2018-02-09,0.016089566173949077,0.015021689562948248
2018-02-12,0.01605171632826674,0.014684324802809456
2018-02-13,0.0050945683695492825,0.002487332109012863
2018-02-14,0.01908922924773389,0.013496358629514926
2018-02-15,0.01728597685940292,0.01275998379954757
2018-02-16,-0.0024641359679384483,0.00029276967754077177
2018-02-20,-0.005995447991129905,-0.0062605989756506775
2018-02-21,-0.0028789210893789274,-0.004974377224609472
2018-02-22,0.0005965115842887132,0.0012958622707066603
2018-02-23,0.018065881701863663,0.01593954829761679
2018-02-26,0.011374879283700732,0.011612213785857861
2018-02-27,-0.01798813864509637,-0.012486499133861906
2018-02-28,-0.01030513333316796,-0.010130124208752256
2018-03-01,-0.010913820673537819,-0.014540540433326199
2018-03-02,0.006169391121640203,0.005154739577645451
2018-03-05,0.00803235166635674,0.011557788782427414
2018-03-06,0.0053673337563127825,0.0025352699970275783
2018-03-07,0.0009917201716730752,-0.00036662495108275017
2018-03-08,0.0035163667908587972,0.004838853967309653
2018-03-09,0.019393847357727236,0.017402746986491024
2018-03-12,0.0021566360804506175,-0.001255188818068298
2018-03-13,-0.009700178558093723,-0.006462620672560648
2018-03-14,-0.0012293483575391468,-0.005131871008037803
2018-03-15,-0.0018666003871169825,-0.0010896387095429283
2018-03-16,-0.0013728556418270976,0.0010845701815505038
2018-03-19,-0.015212280216673497,-0.013530317639339984
2018-03-20,0.005361639014879034,0.001700503072425752
2018-03-21,-0.00012712731114753817,-0.0019188750266908583
2018-03-22,-0.027668797668729723,-0.024997367380807822
2018-03-23,-0.022644538324499714,-0.021314658233072215
2018-03-26,0.032311283101003355,0.027359031242920384
2018-03-27,-0.022516590152926615,-0.017011675320614983
2018-03-28,-0.006502571362614414,-0.0029547291177232093
2018-03-29,0.01734220458805343,0.012777586485349879
2018-04-02,-0.023485247036961563,-0.02158459475310337
2018-04-03,0.0025810425346620702,0.012816913037666522
2018-04-04,-0.000850405503684426,0.010699106451608209
2018-04-05,0.0007117681751943975,0.007891961878758735
2018-04-06,-0.0073356405780379275,-0.022285843470050692
2018-04-09,0.005672105344910694,0.004928392369860202
2018-04-10,0.013001794312250903,0.015900600931244346
2018-04-11,0.005249771828592727,-0.0052425101657858075
2018-04-12,-0.00535967487791363,0.008227405155581513
2018-04-13,-0.0009521369641595596,-0.002933134149891825
2018-04-16,-0.00026483185239071583,0.008221683958562709
2018-04-17,0.0012066826818881715,0.010698438887123629
2018-04-18,0.009307743598517751,0.0007402228972412939
2018-04-19,-0.003918546751508341,-0.0055475332821903756
2018-04-20,-0.007284360806897834,-0.00847951892972909
2018-04-23,-0.005529660180799405,-0.0001498637071398745
2018-04-24,-0.0016637653965752377,-0.013467415214303502
2018-04-25,-0.004161476583753024,0.0024716647567608607
2018-04-26,0.005378188439840985,0.010165463847019218
2018-04-27,0.0032811105888247796,0.0009388085595003481
2018-04-30,-0.0032894763469001696,-0.007690269435119523
2018-05-01,-0.006553302347831727,0.0017769726828165133
2018-05-02,0.0,-0.006717600121464717
2018-05-03,0.006300204685423916,-0.002203610506268716
2018-05-04,0.006829908994682388,0.01294638389967906
2018-05-07,-0.000565415052717122,0.003383250965195206
2018-05-08,0.0028280366158803805,0.0
2018-05-09,0.009024260035298992,0.009665487785183613
2018-05-10,0.0050307120287644835,0.009350896650851315
2018-05-11,-0.0061178080512471755,0.00305138957011164
2018-05-14,0.007274779374006446,0.00047642565412253646
2018-05-15,0.0011111040783660098,-0.0068869669993421034
2018-05-16,0.005549542276847896,0.004204845879256736
2018-05-17,0.0011034343483642406,-0.0008448496506553438
2018-05-18,0.0005516376287379998,-0.002499651712394413
2018-05-21,0.0077132618358641825,0.0075183211105398495
2018-05-22,0.0010934251590906108,-0.0027801015125561435
2018-05-23,0.0054615240739293025,0.002751401212999216
2018-05-24,-0.006518155894951416,-0.002048943623082611
2018-05-25,-0.014762133926295551,-0.0023825657488516505
2018-05-29,-0.009434027815380386,-0.011501031412324059
2018-05-30,0.012885073448615447,0.013344768004217356
2018-05-31,-0.0027653448626433486,-0.0061259588897083495
2018-06-01,-0.007322386345018879,0.009817911973983184
2018-06-04,0.0007643371978333091,0.0047511964992115185
2018-06-05,0.0017532720052842639,0.0007276663729971489
2018-06-06,0.004336011365175066,0.00836034795610252
2018-06-07,-0.0005054364559092805,-0.0001082130861699282
2018-06-08,0.002026821956422601,0.0029563968906654026
2018-06-11,-0.0001849299829076445,0.0013302779526078723
2018-06-12,0.003330125624730044,0.001292092679916701
2018-06-13,-0.006500677579650263,-0.0031904681691153902
2018-06-14,0.0012182838329257706,0.0025175061695463796
2018-06-15,-0.008207420787090875,-0.0012757153850406766
2018-06-18,0.00455724131844774,-0.002056500435628106
2018-06-19,-0.003762267833028983,-0.0038331390829817735
2018-06-20,0.006019874001384705,0.0017059049835321805
2018-06-21,-0.004046983077172106,-0.006268688034412162
2018-06-22,0.008142505046564478,0.001823153311790504
2018-06-25,-0.010133497934940228,-0.013612853605022512
2018-06-26,0.006302950112347938,0.0022141822772441255
2018-06-27,-0.0048942568816751075,-0.008284474532528563
2018-06-28,0.003809657873715529,0.005717713452088491
2018-06-29,0.004410646855724972,0.001439608615791732
2018-07-02,-0.006850756308991382,0.002137948739418416
2018-07-03,-1.87861903348332e-05,-0.0035312184101345956
2018-07-05,0.011898087417266426,0.008157842686999262
2018-07-06,0.009778511660399298,0.008458273095740099
2018-07-09,0.0024492604636524584,0.00900437569394863
2018-07-10,-0.0005833272838708565,0.003598408350510285
2018-07-11,-0.00561073648879995,-0.007314373397501406
2018-07-12,0.008372603063124151,0.009065979572553617
2018-07-13,-0.0017238185656267557,0.0007876520246137275
2018-07-16,-0.00387511772061877,-0.0008942257929065445
2018-07-17,0.001306958146025809,0.004045108528167196
2018-07-18,-0.0011698727752202192,0.002103842748231388
2018-07-19,0.004607485623945084,-0.003771767792876579
2018-07-20,-0.004650608758019295,-0.0011425664826525406
2018-07-23,0.0007781229829712706,0.0018592950022657817
2018-07-24,-0.003872041404972104,0.00503217820092261
2018-07-25,0.00852728398529064,0.008522242897906596
2018-07-26,-0.002150427595830987,-0.00235924321929204
2018-07-27,-0.014276274263688752,-0.006775925731961285
2018-07-30,-0.00664169931733105,-0.005223845589588771
2018-07-31,0.01152496285939016,0.004929494269741541
2018-08-01,0.0034040649650600345,-0.0016704922362144048
2018-08-02,0.005635820213713745,0.005447495935057223
2018-08-03,0.0034726922727467873,0.004284902240635935
2018-08-06,0.003384018230626062,0.003667190742048021
2018-08-07,0.0014086352754197526,0.00330255629785281
2018-08-08,-0.001826541336351369,-0.0004203846356476415
2018-08-09,0.00081578989070293,-0.0013661907367450432
2018-08-10,-0.006028821542355141,-0.006699919907836027
2018-08-13,-0.0029713579843244258,-0.0037434295219128666
2018-08-14,0.007025231203218111,0.006380197323952119
2018-08-15,-0.005698611608035678,-0.0074675298461712725
2018-08-16,0.006891138256087373,0.008091296179250529
2018-08-17,0.00458769680327394,0.0035203758497508453
2018-08-20,0.0008717924066659795,0.0021400991695763594
2018-08-21,0.0030338720024860972,0.00234577578466566
2018-08-22,0.00023998704340470267,-0.0005938137916473574
2018-08-23,-0.002333365105441502,-0.0013279918963045034
2018-08-24,0.0068834492673104375,0.006018554617008176
2018-08-27,0.0026846095235504297,0.007895148713417122
2018-08-28,0.005289887284577984,0.0004833999574407333
2018-08-29,0.004893971007763046,0.005380457274668071
2018-08-30,-0.0029957781960936085,-0.004048513576107804
2018-08-31,0.0030196541730095703,3.478900586673106e-05
2018-09-04,-0.00721142474682997,-0.0017222927080742245
2018-09-05,-0.0032751681680601346,-0.0026913692074725937
2018-09-06,-0.003025626278669942,-0.003010246788479831
2018-09-07,-0.005552196663312118,-0.00194339385441622
2018-09-10,0.0031910359253542646,0.0017392409038012868
2018-09-11,0.003626803774668508,0.0032970495964410595
2018-09-12,-0.0007420338698203761,0.0002418929780083623
2018-09-13,0.0071730999051575015,0.005914602564375482
2018-09-14,-0.003029660731065253,0.00017185022245724824
2018-09-17,-0.005483288466283653,-0.005294210353559481
2018-09-18,0.0029672897323411718,0.005425671927982156
2018-09-19,-0.003794892563371658,0.0010662452397227629
2018-09-20,0.00951527592620412,0.008103780659626914
2018-09-21,-0.0022480231898364864,-0.0009138977740061893
2018-09-24,-0.006165935058952983,-0.0033215505348089813
2018-09-25,0.00018518507960333752,-0.0009285116753711131
2018-09-26,-0.004753008281712841,-0.0029920551747578683
2018-09-27,0.005352364479360568,0.002794478797389255
2018-09-28,0.004485394566850523,0.00010340315603896144
2018-10-01,-0.001592251496786471,0.0034739160049528373
2018-10-02,-0.004553625993473161,-0.0005826861525823901
2018-10-03,0.003459336221692514,0.00054901406958896
2018-10-04,-0.01368438775614685,-0.007816070051748336
2018-10-05,-0.008956297893695304,-0.005596978873811165
2018-10-08,-0.0027342834946597985,0.0
2018-10-09,-0.0007043469357863965,-0.0014589798133129994
2018-10-10,-0.0347888567837243,-0.031663545577355845
2018-10-11,-0.017842447571020565,-0.022026403202620837
2018-10-12,0.01397150233893196,0.013888686647983928
2018-10-15,-0.004670321227802754,-0.005617234949373939
2018-10-16,0.026650714972563362,0.021865587621880067
2018-10-17,-0.0012376396947777109,0.000178601857667271
2018-10-18,-0.018787499785638685,-0.014441348851077618
2018-10-19,-0.004015803996568645,-0.0005426285567866618
2018-10-22,-0.0004987864250280231,-0.004488525018994771
2018-10-23,-0.0059078299710535465,-0.005090753876629495
2018-10-24,-0.037905140266828376,-0.030298439582862824
2018-10-25,0.02472915655851008,0.017940521923022423
2018-10-26,-0.018080272225437472,-0.0175873612796259
2018-10-29,-0.010537755851998454,-0.0055402315825981985
2018-10-30,0.017387105878645077,0.01481850224944714
2018-10-31,0.012063403557051487,0.010680662367910099
2018-11-01,0.014631376120645096,0.010641582938473393
2018-11-02,0.0,-0.005922900982617052
2018-11-05,0.00010918365519652085,0.005517303697040177
2018-11-06,0.0,0.006327505335414374
2018-11-07,0.00010937636848362686,0.021408953345255277
2018-11-08,0.00010895518524889347,-0.001814560589509684
2018-11-09,0.00021890957254733223,-0.009768646054231334
2018-11-12,-0.00010953310262173943,-0.018684921356669215
2018-11-13,0.00010954510143657004,-0.0018711877806303345
2018-11-14,-0.00010953310262173943,-0.006836824981379497
2018-11-15,0.00032812388927050407,0.010436855661265954
2018-11-16,0.00010940691940475311,0.0026002511207019463
2018-11-19,-0.00010939495084028028,-0.016913862262001755
2018-11-20,0.00021871158935238277,-0.018506362518444397
2018-11-21,0.00021815262955704462,0.0034074037890412523
2018-11-23,0.0,-0.006678829413909404
2018-11-26,0.0001092569342893146,0.016144617840499143
2018-11-27,0.0,0.0033645417741543504
2018-11-28,0.00010944938579071639,0.023024982899392477
2018-11-29,0.00010892649566507373,-0.0021846508595019243
2018-11-30,0.0001090168033004435,0.006095085207832085
2018-12-03,-3.248693958624038e-05,0.013241313945145938
2018-12-04,0.00010921278829645331,-0.03240239997483951
2018-12-06,0.00021881033373172265,-0.0015170128457899779
2018-12-07,0.00010897271311005596,-0.023235972427207208
2018-12-10,0.00010967567147490698,0.0018967424576026293
2018-12-11,-0.00010966364404119133,0.00022752383510327157
2018-12-12,0.00021904498632574487,0.005035304290349485
2018-12-13,0.00010934536329720856,-0.00033911086385296496
2018-12-14,0.00010902715215066472,-0.018464633970600053
2018-12-17,0.00010932148918518791,-0.019618605390105626
2018-12-18,0.0,-0.00109653800759546
2018-12-19,-0.00010930953930365916,-0.014975857887746247
2018-12-20,0.00021894920102938364,-0.01627768888213954
2018-12-21,0.00021839101339349298,-0.02048949419469992
2018-12-24,0.00010947775336545007,-0.02642294311572313
2018-12-26,-0.00010946576929904417,0.05052489345238298
2018-12-27,0.00032873934887578393,0.007677353014192256
2018-12-28,0.00010913578735860519,-0.0012900479900327388
2018-12-31,0.00010891990817274433,0.00875896900512041
2019-01-02,-0.0011089080459184544,0.001039987016201005
2019-01-03,0.009464898942129985,-0.02386246616974419
2019-01-04,-0.009245945750302612,0.033495735417425454
2019-01-07,-0.0007556603082951767,0.007884413744351448
2019-01-08,-0.0026113665149375778,0.009395396678731682
2019-01-09,0.0018103107125172122,0.004673402862645171
2019-01-10,-0.004267007968875839,0.003527692415213446
2019-01-11,0.0028710724837884465,0.00038623205918475456
2019-01-14,-0.0006385380231267445,-0.006100663717542698
2019-01-15,-0.0021108589277332905,0.011460615515394457
2019-01-16,0.001207343538746112,0.0024198769542098653
2019-01-17,-0.0009621956852290762,0.007586603908023459
2019-01-18,-0.005782630185869256,0.013310002639362661
2019-01-22,0.004602697744239122,-0.013510418392354007
2019-01-23,-0.0007656834535099133,0.0020925018586064326
2019-01-24,0.0027266511264897693,0.0005314386738419774
2019-01-25,0.00250728596938136,0.008461353113639936
2019-01-28,0.0009312414046587965,-0.007600341703476898
2019-01-29,0.004517139005544513,-0.0013268015662426524
2019-01-30,0.0024289923573518704,0.015830876230801483
2019-01-31,0.004559665444511251,0.008782363903096613
2019-02-01,-0.005131394909388779,0.0004815094373005202
2019-02-04,0.0015934756623030935,0.007035370436980548
2019-02-05,0.007368560868155442,0.00419179459422514
2019-02-06,-0.008965521914215364,-0.001318399508340562
2019-02-07,0.00022038716034874107,-0.009532537613732961
2019-02-08,-0.0006207027242514467,0.0012215907691759398
2019-02-11,-0.0018325526999434236,0.0005545853150423774
2019-02-12,0.001383230621171664,0.012859197335734596
2019-02-13,-0.001968985594573776,0.0032471033852701225
2019-02-14,0.003566493628836357,-0.0022182266877318613
2019-02-15,0.0037619403960068203,0.01089734165313283
2019-02-19,0.00760974919518335,0.001730353085379166
2019-02-20,-0.0007696666422766227,0.002015892511270545
2019-02-21,-0.004156491504662795,-0.003556217876577894
2019-02-22,0.0068494921379197065,0.006200062947485652
2019-02-25,0.0007483333562583834,0.0013613040018902733
2019-02-26,-0.001616837113522081,-0.00071524162761194
2019-02-27,-0.0068688704825711575,-0.0004297818945431242
2019-02-28,-0.005337170697184571,-0.0018627002372209045
2019-03-01,-0.006644919853832235,0.006244009445337317
2019-03-04,-0.000347192110819868,-0.0036375998495398187
2019-03-05,0.003977523563102547,-0.0013600373079271089
2019-03-06,-0.004053692381689511,-0.006056856656511678
2019-03-07,-0.010527607867728586,-0.008365481531668717
2019-03-08,0.0007585134143457033,-0.0019995582724644523
2019-03-11,0.011548783069817251,0.014501061536818849
2019-03-12,0.005578004498352958,0.0037706084161410747
2019-03-13,0.005226286785271335,0.006619121981180198
2019-03-14,-0.0062100621387882,-0.0006394987997878632
2019-03-15,0.009486009910274188,0.004940601939416256
2019-03-18,0.0046975713952494376,0.003625643810000634
2019-03-19,0.002195003376283126,0.00024811855459416776
2019-03-20,0.00401851855280307,-0.003009938757280728
2019-03-21,0.0043266789081769135,0.011294581417703897
2019-03-22,-0.016301155147057284,-0.019246120405734257
2019-03-25,0.002705456687817853,-0.0007518963886289365
2019-03-26,0.0009167693222399036,0.007453477310594092
2019-03-27,-0.0074783667960265365,-0.005228930868216741
2019-03-28,-0.0017377046018364575,0.0037904203256597935
2019-03-29,0.006277156557890147,0.006305611570818437
2019-04-01,0.00795180674143381,0.011859299092560782
2019-04-02,0.0037675761902851894,0.0004898041246925722
2019-04-03,0.002058932908701923,0.001573803248583694
2019-04-04,0.00022332026661327686,0.0026533911728969795
2019-04-05,0.005668192035940563,0.004840126225288177
2019-04-08,-0.0007569696877897474,0.0007619802683125343
2019-04-09,-0.004633996592710613,-0.005124455514840531
2019-04-10,0.005994773372817766,0.0034109668957471584
2019-04-11,-0.001111447412999141,-0.00027768486926127434
2019-04-12,0.005294290225351291,0.006765985338597513
2019-04-15,-0.0018679614992903602,-0.0006546806918710235
2019-04-16,-0.006168208697226044,0.0006551095794637973
2019-04-17,-0.00269042020755772,-0.002446653999908177
2019-04-18,0.0036375293476071935,0.0019689765335075826
2019-04-22,-0.0024349480558352177,0.0008620473607250378
2019-04-23,0.01165219161023397,0.008991573580956036
2019-04-24,0.0006604619887529881,-0.0022193668692988
2019-04-25,0.0004522520826993893,-0.0006162220035652588
2019-04-26,0.004481994296701819,0.004657077664867115
2019-04-29,-0.002094663225567987,0.0015681603373622899
2019-04-30,0.0007672582005312507,0.000509804755527199
2019-05-01,-0.0036424942476324844,-0.007516337264488526
2019-05-02,-0.0006142791330762489,-0.0021586009528293815
2019-05-03,0.0149480741300132,0.009787323882875842
2019-05-06,-0.0030386043976604973,-0.004114917827552689
2019-05-07,-0.01865548836626052,-0.01669992686815336
2019-05-08,-0.0029337178015667043,-0.001388980963352382
2019-05-09,-0.004014959549143622,-0.003025988631959464
2019-05-10,0.0030071686075299935,0.005023669302276268
2019-05-13,-0.03056457663317143,-0.025130428180739295
2019-05-14,0.010871918740312125,0.009043654775927612
2019-05-15,0.007745896103920587,0.005857218479774273
2019-05-16,0.008514438228983751,0.009261359791138624
2019-05-17,-0.010206813141825106,-0.006464662873025606
2019-05-20,-0.010143101736668547,-0.006612241153834186
2019-05-21,0.01096795326410649,0.00901551124379174
2019-05-22,-0.005304142426203732,-0.003071258459652726
2019-05-23,-0.016035683551904246,-0.012218715434350824
2019-05-24,0.0037115710642197097,0.0022681566290267963
2019-05-28,-0.007006410173342322,-0.009300419208587152
2019-05-29,-0.007764045753351729,-0.006710231616558482
2019-05-30,0.0013903068396876606,0.002730737259392102
2019-05-31,-0.014474012875783796,-0.013475426663721812
2019-06-03,-0.008021293238299325,-0.0025426010918983
2019-06-04,-0.006513806432179987,0.021706660574037695
2019-06-05,0.005074148652534749,0.008662261107244884
2019-06-06,0.0016543503770317287,0.006502314427350386
2019-06-07,0.005441452519075425,0.010007296117172881
2019-06-10,-0.005871299828188347,0.004588865342117554
2019-06-11,0.0011058918180886224,-0.00024235842248410133
2019-06-12,0.0022381836806622717,-0.0017653425265324874
2019-06-13,0.0033925375273196057,0.0041261423001486275
2019-06-14,0.0012688848229426655,-0.0011045016682467157
2019-06-17,0.004089945210834278,0.00037996383533345224
2019-06-18,0.001979789921458604,0.010470976201889304
2019-06-19,0.003195126729168625,0.0022572765603439127
2019-06-20,0.003110618555582996,0.009554753560302665
2019-06-21,-0.009724570888059262,-0.0014544956946583865
2019-06-24,0.002496773933223747,-0.0012239239304719929
2019-06-25,-0.0033827053789011003,-0.00980822452028507
2019-06-26,-0.010155545886964582,-0.0009972801766763295
2019-06-27,0.007643450988868834,0.0035459210330031077
2019-06-28,0.0010737634102789457,0.005145930256759579
2019-07-01,-0.002017350051371676,0.009078208182084602
2019-07-02,0.010558960517106511,0.0026045551764319885
2019-07-03,0.00559119776017732,0.007995302246825986
2019-07-05,-0.008516890542821603,-0.001137974292640398
2019-07-08,-0.0035228064718178702,-0.005494659809902602
2019-07-09,0.0014575265906705177,0.0012462292285164711
2019-07-10,0.005019633210398037,0.0047778623814136445
2019-07-11,-0.006483247635019285,0.0023446329761975804
2019-07-12,0.00396178523163441,0.004477062985249969
2019-07-15,0.002030596358615429,0.00033254618743883135
2019-07-16,-0.004888487175691828,-0.003225232561654856
2019-07-17,0.006819315952607615,-0.0068052989734774805
2019-07-18,0.0059515032202984335,0.003660953623417784
2019-07-19,-0.007543441966045912,-0.005554929694714161
2019-07-22,0.0014020708938080235,0.002456539116501233
2019-07-23,-0.0013198097681053806,0.00715016561825399
2019-07-24,0.004709675506778588,0.004699514828830242
2019-07-25,-0.005542430368453291,-0.00477721450887314
2019-07-26,0.0035709249019066913,0.006700149575721515
2019-07-29,0.001713975347763852,-0.0018214393993402078
2019-07-30,0.0011081015157308562,-0.002454432498116943
2019-07-31,-0.005337688388686571,-0.01094067432274104
2019-08-01,0.011391678541281758,-0.008707648582599203
2019-08-02,0.002501088371806107,-0.007529768626097777
2019-08-05,0.0133022570489482,-0.030073369374064574
2019-08-06,0.005908976386803802,0.014023464616046422
2019-08-07,0.005182483739176884,0.0005904995111467581
2019-08-08,0.0024219581883738366,0.019620291570758397
2019-08-09,-0.0022752893256238194,-0.0068117759667734035
2019-08-12,0.012293453183842116,-0.012172917882932621
2019-08-13,-0.0043106525007606065,0.015551434590566515
2019-08-14,0.012013948383865639,-0.029567584560636795
2019-08-15,0.008044964141576886,0.0026417240484750693
2019-08-16,-0.005682024361791734,0.014754866873720962
2019-08-19,-0.010250437494512672,0.0120480165431609
2019-08-20,0.0075203739435873995,-0.007662753737520456
2019-08-21,-0.004156725718325445,0.00813543720853005
2019-08-22,-0.0037959600939895255,-0.00030777594835551536
2019-08-23,0.014249628504053497,-0.025687376549686225
2019-08-26,-0.0016234197613821757,0.011058260613469262
2019-08-27,0.009763344202814439,-0.0039234855188633455
2019-08-28,-0.0003928609987661573,0.007041454482215714
2019-08-29,-0.004293540152443024,0.012773263171294236
2019-08-30,-0.0006773836597921596,-0.0004445345014455482
2019-09-03,0.005467451039728825,-0.0058471651442756345
2019-09-04,0.007391075732439134,0.011350407112180827
2019-09-05,-0.007930661326839727,0.01285588497650414
2019-09-06,-0.0007995567137438022,0.0007720786051605977
2019-09-09,-0.007862528027488361,0.0005027170307556617
2019-09-10,-0.00965437517559442,-0.000234400281552416
2019-09-11,0.004559025686153887,0.00711075073632883
2019-09-12,-0.00011252970265133544,0.0034638547265857245
2019-09-13,-0.011069652442864359,-0.0006640163599990201
2019-09-16,0.005541654367868945,-0.00308845357070453
2019-09-17,0.004068484730091211,0.0025319503190470716
2019-09-18,-0.0008190835065298903,0.0005978889566438106
2019-09-19,0.0029068805005616483,-6.634252003245855e-05
2019-09-20,0.004817645685153119,-0.004724439680039438
2019-09-23,0.0019420612473274683,-0.0002348392484737838
2019-09-24,0.0013532497371121868,-0.007846736925141928
2019-09-25,-0.007315695999397631,0.00591448244241799
2019-09-26,0.0008226837846128836,-0.0020828578369546102
2019-09-27,-0.005033278058936533,-0.0053875382125639915
2019-09-30,-0.0011851174987956474,0.004638022513577589
2019-10-01,-0.00022457565053783142,-0.01189478408712552
2019-10-02,0.003298424402010484,-0.017664627925536913
2019-10-03,0.0077762902481038525,0.008192715753583935
2019-10-04,0.004471048055536478,0.013532175960224269
2019-10-07,-0.006318596605492869,-0.004314748865248186
2019-10-08,0.0020599235957292623,-0.015524481464984974
2019-10-09,-0.0009302829990652793,0.009496207079302321
2019-10-10,-0.007336649119668358,0.006763438367441532
2019-10-11,-0.006115138812725037,0.01036710649443151
2019-10-14,0.0038973235618125672,-0.0011138750747485826
2019-10-15,-0.005923301463908181,0.009900430688288386
2019-10-16,0.00235129766777901,-0.0016062411626623918
2019-10-17,0.0018466020394031961,0.002949193636768266
2019-10-18,0.00220291243327797,-0.004377225387480088
2019-10-21,-0.001558888325905487,0.006779034066119793
2019-10-22,0.0019469518910719685,-0.003266430115442698
2019-10-23,0.0018563613073150351,0.0029095329680870474
2019-10-24,0.0008623442722586564,0.0016340941716186386
2019-10-25,-0.0036950791401301935,0.004094756131437283
2019-10-28,-0.00791718038610208,0.005636235309393944
2019-10-29,0.0013251030126536132,-0.0002966219485599497
2019-10-30,0.007912174839591612,0.0030675193804643452
2019-10-31,0.007229703337702194,-0.0026634400512489664
2019-11-01,-0.0014592258406186751,0.00926380275553762
2019-11-04,0.0014433982971442756,0.004017801015819389
2019-11-05,-0.0061116507115650896,-0.001106086320705968
2019-11-06,-0.00017153078140127076,0.00022814663187853412
2019-11-07,-0.001180737444640238,0.003516732195474992
2019-11-08,0.00033244231868260576,0.0024660771109528135
2019-11-11,-0.00015402766760674869,-0.0019096146237601586
2019-11-12,-0.0014110033641237345,0.002107704726247217
2019-11-13,0.001965438029006468,0.00032359700500728117
2019-11-14,0.0013936600331489653,0.0014559331507248974
2019-11-15,0.0063693122013745995,0.00723636723691512
2019-11-18,0.0022722813031644433,0.0007373324600012943
2019-11-19,0.0006267492518673422,-0.00028833225882662905
2019-11-20,-0.0042766685673284455,-0.0037185527154678377
2019-11-21,-0.005869113606176479,-0.0016087695478762543
2019-11-22,-8.427787065482884e-05,0.002223701050952709
2019-11-25,0.007650837599910696,0.007750050851932144
2019-11-26,0.004870052004444643,0.0022655851580659636
2019-11-27,0.004781865692702262,0.004457833596779093
2019-11-29,-0.005383989325567532,-0.0037088080699022585
2019-12-02,-0.010840890101823798,-0.008494780075978703
2019-12-03,-0.005907494228957606,-0.0067064454316982935
2019-12-04,0.006040802136972001,0.006169916324035407
2019-12-05,0.0015898854327074385,0.0017980253155915893
2019-12-06,0.010504768671865339,0.009134115798505205
2019-12-09,-0.003194918839333131,-0.003143801623574416
2019-12-10,-0.00044420639160469566,-0.001115087705833795
2019-12-11,0.002609258890191664,0.0028386373167328394
2019-12-12,0.008231685880246623,0.008618714675655559
2019-12-13,1.6528222988624773e-05,0.0005990936043707151
2019-12-16,0.007985829857274362,0.00687002448059193
2019-12-17,0.001932009822389465,0.0002190315687673472
2019-12-18,0.000923277255882926,6.274722511978581e-05
2019-12-19,0.004884382681916414,0.00409905270267763
2019-12-20,0.003287780952142623,0.004384375234916638
2019-12-23,0.0020524784293865688,0.0015275926511457705
2019-12-24,0.0009451095353111653,3.1059742789940614e-05
2019-12-26,0.004715826857965233,0.0053233494995315045
2019-12-27,-0.0020031503632461645,-0.0002479839125620886
2019-12-30,-0.0048663942813942365,-0.0055128925031070475
2019-12-31,0.0019013986205896523,0.0024291383149019907
2020-01-02,0.008571044743903985,0.009351925744638168
2020-01-03,-0.01054917809663162,-0.007571959326147848
2020-01-06,0.001775871742471106,0.0038146579855635743
2020-01-07,-0.0013784972201643282,-0.0028119230835278453
2020-01-08,0.005472000129547997,0.005329626645000252
2020-01-09,0.005447466723687307,0.006780803449673911
2020-01-10,-0.0003368819068755302,-0.0028776420963902982
2020-01-13,0.011199829569929967,0.006877302957499332
2020-01-14,-0.001959142789192181,-0.0015245886627324179
2020-01-15,-0.0008692228465740546,0.0022598038238350604
2020-01-16,0.009612615506382111,0.00831840786681326
2020-01-17,0.0026303656622235585,0.0031127648042990064
2020-01-21,-0.011345537428329517,-0.001958465365178408
2020-01-22,0.003399268872717279,0.0001207621089531763
2020-01-23,-0.0025954297718148167,0.001146949942723241
2020-01-24,-0.00957492808919765,-0.008893388940732327
2020-01-27,-0.02218393288535736,-0.016029156251610277
2020-01-28,0.010679386115375111,0.01047905446543762
2020-01-29,0.0002535478496034451,-0.0008256034786573441
2020-01-30,-0.0037788667845115955,0.0032448702328669032
2020-01-31,-0.018946778906225016,-0.018157497393066824
2020-02-03,0.011806978276186117,0.007428159699502057
2020-02-04,0.00837381629603351,0.015241353451027395
2020-02-05,0.00535818447808715,0.011548156183669223
2020-02-06,0.005795006248803542,0.00336468692077041
2020-02-07,-0.0023281002264675665,-0.00532943793696905
2020-02-10,0.007373880879451603,0.007465049687715775
2020-02-11,-0.0005121136193408925,0.001733216505110935
2020-02-12,0.005123678657980394,0.006442828868930439
2020-02-13,0.0011152260504732798,-0.0010672449660587002
2020-02-14,0.0028815053419043815,0.0016023791337100857
2020-02-18,0.00354173574776991,-0.002577039968217898
2020-02-19,0.006732693836918472,0.004781323240080404
2020-02-20,-0.003102362986714513,-0.004108447010196636
2020-02-21,-0.0048275031023676425,-0.010298138578886062
2020-02-24,-0.02091457372900466,-0.033165361574997165
2020-02-25,-0.025122693924460017,-0.030302102041731893
2020-02-26,0.0019487814937869663,-0.0036780237039616415
2020-02-27,-0.031596963873903906,-0.044911851688482884
2020-02-28,-0.013305701505036849,-0.004201670269995295
2020-03-02,0.032812157559416015,0.04330666972844388
2020-03-03,0.01952667182821869,-0.028632900376913017
2020-03-04,-0.003686650873698719,0.042033327144500365
2020-03-05,0.01845995112659963,-0.03324201607112476
2020-03-06,0.020859199375285575,-0.01653086044356733
2020-03-09,0.012574307093648152,-0.0780941394743252
2020-03-10,-0.030238639284162663,0.05174439909526285
2020-03-11,-0.016779188350764897,-0.0487481367645306
2020-03-12,-0.011060795186620249,-0.09567715008387978
2020-03-13,-0.019879593902214165,0.08548587514930239
2020-03-16,0.026578771624518344,-0.10942368980885309
2020-03-17,-0.02606668332557375,0.05399240759140356
2020-03-18,-0.03007193981851778,-0.05063311507609225
2020-03-19,0.0038673282059538128,0.0021250672562478368
2020-03-20,0.038556208750868994,-0.04309408262092884
2020-03-23,0.032408102529063745,-0.025568154955305622
2020-03-24,0.007704414727025063,0.09060320274550038
2020-03-25,-0.005125120445646317,0.014970215005668752
2020-03-26,0.006721479680512768,0.05838959819190004
2020-03-27,0.009214504800379256,-0.029785520272099464
2020-03-30,-0.0005046406765392513,0.03247578172738996
2020-03-31,-0.012716474026092623,-0.014905370977380095
2020-04-01,0.009179288806527408,-0.045004984555625516
2020-04-02,0.00763465548703901,0.023075342053612946
2020-04-03,0.002685076852091184,-0.014454161160440737
2020-04-06,0.006862923396501372,0.06716634734514781
2020-04-07,-0.006758585655596394,0.0010193483923945923
2020-04-08,-0.005808214776020337,0.0335682755673552
2020-04-09,0.01003160042411751,0.015217163431389125
2020-04-13,0.0019537336777643763,-0.009129702760332647
2020-04-14,0.0029832708320173262,0.029492888414151874
2020-04-15,0.010107544487295596,-0.021248261550121383
2020-04-16,0.0038527474609572434,0.004824205038510332
2020-04-17,-0.01181463900450123,0.02701540445948436
2020-04-20,0.005933216126161674,-0.0176176029952978
2020-04-21,0.002850458884292214,-0.030363430930582025
2020-04-22,0.0021166464558424938,0.022194368922641816
2020-04-23,0.005306421380174639,-7.143398903131093e-05
2020-04-24,-0.0005643108857690259,0.013938613664187471
2020-04-27,-0.010192011229175308,0.014418399656442649
2020-04-28,0.0038056964963433986,-0.004598446444471382
2020-04-29,-4.928883350185931e-05,0.026178281260574865
2020-04-30,-0.010723657232056667,-0.009310627601231802
2020-05-01,0.005372120578759873,-0.02647334767306342
2020-05-04,-0.0003447196590668684,0.002758282852107996
2020-05-05,-0.0009663278601662233,0.00923956733969411
2020-05-06,-0.010897060748025617,-0.006778834294502545
2020-05-07,0.0127210579293399,0.012066846102630757
2020-05-08,-0.007430482865782516,0.01654605857635638
2020-05-11,-0.005612553610439145,0.00020498156417891877
2020-05-12,0.005818075306819695,-0.019931595022597448
2020-05-13,0.006224849465378046,-0.017685307645052384
2020-05-14,0.006732547687044417,0.011966698339420212
2020-05-15,0.0008050316680082346,0.004596971894559099
2020-05-18,-0.011889540177381232,0.030460240985987763
2020-05-19,0.005398968035446039,-0.010271382202468926
2020-05-20,0.0018717218330879246,0.01698807437634775
2020-05-21,-0.0038068709682232225,-0.006903891198530743
2020-05-22,0.004607874695105928,0.0018989857853735082
2020-05-26,-0.010083544173729104,0.01232057537552289
2020-05-27,0.0002628855404115763,0.014878610353328936
2020-05-28,-0.000411253332740835,-0.0018448693409449657
2020-05-29,0.005902551718919587,0.004455908423611543
2020-06-01,-0.001174219968567739,0.004042182279693218
2020-06-02,-0.0011348221591327419,0.008279812318880087
2020-06-03,-0.009082938696221269,0.013308379558965022
2020-06-04,-0.003655379633117942,-0.0026268678103780196
2020-06-05,-0.002523990424857514,0.025629655934790607
2020-06-08,0.0074752987165968374,0.012087428973808434
2020-06-09,0.009415106061098669,-0.007456603639900972
2020-06-10,0.013718089259108075,-0.005580149976452398
2020-06-11,-0.01262104328286425,-0.057649039057475426
2020-06-12,-9.214694156874586e-05,0.011976040611115346
2020-06-15,0.0036460886342836174,0.009335674308974085
2020-06-16,0.0004488603518586114,0.019247477399986224
2020-06-17,0.0030693785723396867,-0.004153928700001641
2020-06-18,0.00377637613985519,0.0003850012073338682
2020-06-19,0.003890156283191818,-0.005714720666085027
2020-06-22,0.0061926315603269,0.0064150790648724865
2020-06-23,0.0033653347682455204,0.004603758133763014
2020-06-24,-0.004457921491188066,-0.025508831123649656
2020-06-25,0.0039331561409628275,0.01072057204281962
2020-06-26,-0.0028161230583773444,-0.02375179411805295
2020-06-29,0.002766657450677723,0.014697729074953036
2020-06-30,0.006395452524362466,0.012809957834197139
2020-07-01,0.001416366876044776,0.0070045539971490545
2020-07-02,0.00481821189446574,0.0055071223663507585
2020-07-06,0.015336771427507591,0.015436931484401173
2020-07-07,-0.0036308256185999532,-0.010313707020733531
2020-07-08,0.009010579608338915,0.007648604583523122
2020-07-09,8.800061345329963e-06,-0.005692779604764997
2020-07-10,0.004814696867359136,0.010210719146932501
2020-07-13,-0.009329562828205998,-0.008659335306880012
2020-07-14,0.00823376951499936,0.012959473188073556
2020-07-15,0.004034578342179351,0.009186819019364023
2020-07-16,-0.006522467760923466,-0.003293140354869273
2020-07-17,0.004098173877268814,0.0028988693149383238
2020-07-20,0.013757684973995913,0.0080815682273927
2020-07-21,0.0012525108211495582,0.002127651530671626
2020-07-22,0.008139235226623557,0.005692279613812357
2020-07-23,-0.009742248294793088,-0.011931872445252178
2020-07-24,-0.0024523622444743154,-0.00644030746347557
2020-07-27,0.014963019811785012,0.007292129890586141
2020-07-28,-0.003575257752179521,-0.006342034757852777
2020-07-29,0.01044488663685783,0.012298445468403418
2020-07-30,-0.0019110150600374352,-0.0035680402422263446
2020-07-31,0.011612065056280985,0.007902530917098582
2020-08-03,0.006530554546374819,0.0069520300790490985
2020-08-04,0.007965021940322817,0.003862529313163554
2020-08-05,0.011080191710256832,0.006210705557998741
2020-08-06,0.005330101121201432,0.0066846479202236075
2020-08-07,-0.005403555823749369,0.0007182142137824865
2020-08-10,0.0028690285290810334,0.0029887606751004547
2020-08-11,-0.009145427725795813,-0.008254913205007153
2020-08-12,0.014227723123342825,0.013942508325167413
2020-08-13,-0.0009129729930871615,-0.001807466382892975
2020-08-14,-0.0012053396653060413,2.9416518920077905e-05
2020-08-17,0.009808513516160595,0.003177087350521246
2020-08-18,-0.00035119308338626976,0.0021599595957615403
2020-08-19,-0.0063179906592946145,-0.004163529121071208
2020-08-20,0.00220403385615738,0.003113567943486606
2020-08-21,0.0015133627877228861,0.0035471786019609652
2020-08-24,0.00926265513051209,0.010133124463178378
2020-08-25,0.006334103622744816,0.003499666123251144
2020-08-26,0.005908809729587738,0.010025668446107971
2020-08-27,-0.003017614343909273,0.0021864040032588683
2020-08-28,0.008893331705106533,0.006459090508226906
2020-08-31,-0.008298634980382672,-0.0036223633723312387
2020-09-01,0.014535611631895023,0.009418403012477317
2020-09-02,0.003600448205304362,0.014464244126870085
2020-09-03,-0.031072907514927972,-0.03441441055846872
2020-09-04,-0.006243595250940425,-0.008164992702923368
2020-09-08,-0.02577114835141925,-0.02732267924577214
2020-09-09,0.019610484959002045,0.01974736044815395
2020-09-10,-0.013507891930152524,-0.017363915660312368
2020-09-11,-0.002161710639707011,0.0005093476003594777
2020-09-14,0.012826255062845366,0.013171122115124945
2020-09-15,0.005611218154423743,0.005052606143158389
2020-09-16,-0.005693378437464905,-0.003968185157814608
2020-09-17,-0.009969236125393577,-0.008795909241528954
2020-09-18,-0.007654647995153104,-0.011512777321853407
2020-09-21,-0.009606191087318194,-0.01112948617576126
2020-09-22,0.007972333246369959,0.010184619701987918
2020-09-23,-0.02511073337344353,-0.02319109777138506
2020-09-24,0.0036802715326114117,0.002665746235035016
2020-09-25,0.012188546628631853,0.016166621536055636
2020-09-28,0.015812934339866153,0.016609244877874074
2020-09-29,-0.0005076816582189432,-0.005445994570301593
2020-09-30,0.00280886128984111,0.007582387736142726
2020-10-01,0.010071020746300804,0.006419995369726594
2020-10-02,-0.016362009468740963,-0.009494674975282447
2020-10-05,0.01749028920088258,0.017732840546805573
2020-10-06,-0.010089401556379385,-0.01421562779658303
2020-10-07,0.015225873211834218,0.017406589360766445
2020-10-08,0.007460165729062273,0.008862650850746334
2020-10-09,0.0103401520158366,0.008930057007697334
2020-10-12,0.018561857087127837,0.016087645355628455
2020-10-13,-0.003556706142656167,-0.006526322847973942
2020-10-14,-0.007123011304801863,-0.0062833734100201655
2020-10-15,-0.005054434383987116,-0.0012359906357274353
2020-10-16,-0.000853512249641549,-0.0006041803658383138
2020-10-19,-0.011460776912157447,-0.015203262664570172
2020-10-20,0.005720317057999654,0.004005603560090387
2020-10-21,5.463964618105765e-05,-0.0018930185927991117
2020-10-22,0.0017442403927351302,0.005485180949240442
2020-10-23,0.003743081184172769,0.003395253196776027
2020-10-26,-0.015476372843608808,-0.01847969330870103
2020-10-27,0.0029117191254375654,-0.003447472697823195
2020-10-28,-0.03273630739281126,-0.034178751645822514
2020-10-29,0.012567098464103013,0.010163463970259023
2020-10-30,-0.015688693255970814,-0.01042509793440527
2020-11-02,0.008061485536646392,0.011208614976444098
2020-11-03,0.01639153951272121,0.017655732262926715
2020-11-04,0.016282837555029794,0.022349315437169892
2020-11-05,0.022521730119935413,0.019502825523152634
2020-11-06,-0.0016058728819484669,-0.0002285293172485936
2020-11-09,0.021563556816336926,0.012565858587667567
2020-11-10,0.003591220033211162,-0.001466829699461547
2020-11-11,0.0030462641247054334,0.007428733697554257
2020-11-12,-0.011423943825424554,-0.009700779427107342
2020-11-13,0.017383139940046366,0.01384437462539645
2020-11-16,0.018109351572379362,0.012482456511458073
2020-11-17,0.0018254127625845773,-0.0053780213647922626
2020-11-18,-0.008743513381897605,-0.012034796845416973
2020-11-19,0.004657411756568752,0.004209803519033439
2020-11-20,0.003302652773411019,-0.006847470010895029
2020-11-23,0.01067703902663042,0.005994401583942155
2020-11-24,0.01611039707250772,0.01611345735460068
2020-11-25,-0.004518243724586868,-0.0015414479851494356
2020-11-27,0.006865003120483548,0.002784860240497844
2020-11-30,-0.022174618833816218,-0.00442712001498613
2020-12-01,0.014157261056936562,0.010937198737037246
2020-12-02,0.0008625448407570216,0.0021038070521270935
2020-12-03,0.006252724368837429,-0.000272299835774259
2020-12-04,0.014027734976279922,0.008617405796939703
2020-12-07,-0.002392452199701263,-0.0020548909143497385
2020-12-08,0.005571529170592375,0.002926017455053387
2020-12-09,-0.004849838209556607,-0.008969024503005074
2020-12-10,0.007978048342351125,-0.00032668841950278527
2020-12-11,-0.005000584227673613,-0.0011727185875896051
2020-12-14,-0.0011378821727166346,-0.004477331532392825
2020-12-15,0.01534257881118591,0.013519648783115734
2020-12-16,0.001677893065247349,0.0015691777797781636
2020-12-17,0.008481725940661248,0.0055918977490725386
2020-12-18,-0.0037390561625187204,-0.003992775585529462
2020-12-21,-0.009339309505843791,-0.0035754985894482783
2020-12-22,0.00029991732413762583,-0.0016853878375465703
2020-12-23,0.009833591314357532,0.000898619020975211
2020-12-24,-0.0015357014695538775,0.0038906090772115043
2020-12-28,0.002409252904846578,0.008590528587963497
2020-12-29,0.0006647598848464522,-0.0019076611466772864
2020-12-30,0.008291432422155316,0.00142688882494868
2020-12-31,-0.003326357830996625,0.0050807808460233694
2021-01-04,-0.00048738807571513387,-0.013613933734153427
2021-01-05,0.01661771048667974,0.006887191175454888
2021-01-06,0.01464605728812566,0.005978621833316655
2021-01-07,0.009444778972609683,0.014857549892642874
2021-01-08,0.0112072698140534,0.005697431188333768
2021-01-11,-0.00915510157044852,-0.0067408078521498105
2021-01-12,0.010764475996825729,0.00021124449041565185
2021-01-13,-0.0020925192170255054,0.0026930153407120905
2021-01-14,0.012438588997609079,-0.003502005596562885
2021-01-15,-0.014890596707312815,-0.007292624459019237
2021-01-19,0.012209567549591904,0.007851917818045617
2021-01-20,0.00958866492958991,0.013839017298619805
2021-01-21,-0.0020339802875040855,0.000911525753877207
2021-01-22,-0.000615367784926879,-0.00353945573640313
2021-01-25,0.0017828443008628034,0.003943798299061108
2021-01-26,-0.0042534982193510595,-0.0015610962969321296
2021-01-27,-0.022990027955110293,-0.024440265611200607
2021-01-28,0.0033995222436186134,0.008600179898632154
2021-01-29,-0.0202381675181759,-0.020019592784786377
2021-02-01,0.021153022639350816,0.016645588956227142
2021-02-02,0.012438174300905805,0.014140043615342268
2021-02-03,0.00349256776641349,0.0007863581462104197
2021-02-04,0.007278080746814908,0.011365734339225497
2021-02-05,0.009554501384274456,0.003935953126337655
2021-02-08,0.011424469452214312,0.0072218850735756845
2021-02-09,0.006935753102635944,-0.0006657219754824251
2021-02-10,-0.0021642505740778746,-0.0004359130723979865
2021-02-11,0.0054317228144779755,0.001615081485827785
2021-02-12,0.003074694188164602,0.004939888559142291
2021-02-16,0.0011124522537632189,-0.0008658497846047997
2021-02-17,-0.004449178753531531,0.00022938429585517284
2021-02-18,-0.011420974619529881,-0.004256121451651218
2021-02-19,0.010073399652109996,-0.001765864963020114
2021-02-22,-0.012783886330810216,-0.007691768392157461
2021-02-23,-0.001135902513315449,0.0012142542700581682
2021-02-24,0.006787992485604428,0.011019443097521897
2021-02-25,-0.025590449785198272,-0.024095875118591015
2021-02-26,-0.009632387713489138,-0.005152435161308255
2021-03-01,0.026709357209825476,0.024240370351424678
2021-03-02,-0.008270156649515581,-0.007803405935542296
2021-03-03,-0.00227850449357699,-0.01324584790261818
2021-03-04,-0.01191029408532603,-0.012374993095802478
2021-03-05,0.01755243856952019,0.018396924559862526
2021-03-08,-0.012007431295496713,-0.0049788807079338415
2021-03-09,0.014328126091746865,0.014277550765270597
2021-03-10,0.00643683929730617,0.006224845529095635
2021-03-11,0.02287058476999452,0.010138741652073291
2021-03-12,-0.00549989163889264,0.0013468660789017761
2021-03-15,0.0008390022795984702,0.0059637114695940685
2021-03-16,-0.00550153258223233,-0.001261467100747371
2021-03-17,0.003046851411422654,0.0034099725571796746
2021-03-18,-0.0320784357941335,-0.014549670871247034
2021-03-19,0.013920020314490689,-0.001850168116964035
2021-03-22,-0.004091992819693487,0.00798481863374434
2021-03-23,-0.027784130153929623,-0.007870749649164455
2021-03-24,-0.00655773841285438,-0.005083465230761419
2021-03-25,0.001893528981602369,0.005625607011094935
2021-03-26,0.022680892796262432,0.016114876000197453
2021-03-29,-0.011300770688804602,-0.0005049748794851983
2021-03-30,0.00132337657638167,-0.002653036933935926
2021-03-31,0.007991791940743212,0.004053089682099165
2021-04-01,0.012759747564606369,0.010799352080202995
2021-04-05,-0.0018183520791079286,0.014353017638468968
2021-04-06,0.001076059946673184,-0.0005904266082150667
2021-04-07,-0.004133552728571818,0.0011570292998472897
2021-04-08,0.0033769425534008555,0.0047466847572554816
2021-04-09,-0.001533335742045468,0.007270504431088787
2021-04-12,0.0008516217213816454,0.00036437627610319545
2021-04-13,0.004363026614044344,0.002963766321326222
2021-04-14,0.009187944529845244,-0.003415136542778252
2021-04-15,0.009394732192201511,0.010742383201741923
2021-04-16,0.000692529406054354,0.0033424464467719517
2021-04-19,-0.003291600625319487,-0.0049130410035074235
2021-04-20,-0.004663556676824572,-0.007321409044409921
2021-04-21,0.009007859109750105,0.009461968094132356
2021-04-22,-0.0004975628169026449,-0.009133061108027918
2021-04-23,0.010909345176288943,0.010842272546682574
2021-04-26,0.006725938774756024,0.0020875764948178333
2021-04-27,0.0032781878498746213,-0.00021532777633381794
2021-04-28,0.00041356077196682173,-0.00028747937861128836
2021-04-29,0.00385297792821393,0.006372748535937278
2021-04-30,-0.005983612446988085,-0.0065703293906937965
2021-05-03,0.004380223387106456,0.0021566823908567567
2021-05-04,0.0009399230539121808,-0.006169346436869061
2021-05-05,-0.004157045134380236,0.0003128334545310363
2021-05-06,0.006149977221287553,0.007985592571752909
2021-05-07,0.010051881968945464,0.007278048255793257
2021-05-10,-0.005715867487117868,-0.009902463066955858
2021-05-11,-0.0035909555042690964,-0.008924851797875832
2021-05-12,-0.015875169456546507,-0.02124520304496469
2021-05-13,-0.0008964858718609747,0.012012598995280177
2021-05-14,0.011817547993052383,0.015355326980379669
2021-05-17,0.0036595443376210937,-0.0025444760366536423
2021-05-18,-0.004412729841779317,-0.008615593718489523
2021-05-19,-0.008765351728458604,-0.0026217247526190146
2021-05-20,0.003850313648537643,0.010757728457115201
2021-05-21,0.0025384849769780615,-0.0008186555007252405
2021-05-24,0.012144261465846979,0.010194209057668324
2021-05-25,-0.0019274765007159336,-0.002218648085322905
2021-05-26,0.002687316254784244,0.001984532131883432
2021-05-27,0.00466663142482652,0.0005249919132797043
2021-05-28,0.001538868963700664,0.0017884580196376731
2021-06-01,0.011294472107918488,-0.0008805051557125854
2021-06-02,0.007292060276387069,0.0015724116074637973
2021-06-03,-0.010560037703046032,-0.0037112349202584882
2021-06-04,0.007466679827517364,0.009145909310654066
2021-06-07,0.005793424412506778,-0.0009704398397064606
2021-06-08,0.005046466669054617,0.00021345740709999284
2021-06-09,-0.0017474687157544484,-0.0014920987190013557
2021-06-10,0.005032673355526521,0.0046485469182915296
2021-06-11,-0.0061151279299422505,0.0016523643999029058
2021-06-14,-0.002560770330716999,0.0022390213374463563
2021-06-15,-0.006225200521773665,-0.001834066618469965
2021-06-16,-0.009729333811944851,-0.0055833870850486855
2021-06-17,-0.019297620705753617,-0.0003317714078701073
2021-06-18,-0.004078238538723392,-0.013490459629117213
2021-06-21,0.01507689989469966,0.014316066843619746
2021-06-22,-0.0025997741840138033,0.005346315728223194
2021-06-23,0.0013175779607563405,-0.0012054952246307593
2021-06-24,0.00030832481515049215,0.005915686249815533
2021-06-25,0.001955914381437754,0.0035522416559727876
2021-06-28,-0.0011672937012752183,0.0020158663947005273
2021-06-29,-0.002830864116008192,0.0005379749349359031
2021-06-30,0.0030051967364755905,0.0008416845876138002
2021-07-01,0.003466800358869482,0.005536716320273305
2021-07-02,0.007942541162480794,0.007643558909604886
2021-07-06,-0.0051811887040512285,-0.0018217131677308318
2021-07-07,-0.0021762837665696795,0.003534229038405279
2021-07-08,-9.992506445562687e-05,-0.008147973175232415
2021-07-09,0.011443746426425056,0.010674720405948301
2021-07-12,0.00468055341187094,0.003581960599557954
2021-07-13,-0.0018707874120031573,-0.0034090833537089305
2021-07-14,-0.00035307938238759995,0.001492387504423709
2021-07-15,-0.0035459383968038383,-0.003415647488772322
2021-07-16,-0.0029211982837519614,-0.007843619401314728
2021-07-19,-0.02212791946762427,-0.01476782085733852
2021-07-20,0.01666774845360597,0.014330406251251038
2021-07-21,0.009197694798685966,0.008096269893842711
2021-07-22,0.0022030121292689513,0.0020942225051487906
2021-07-23,0.008404659836466802,0.010287866506603294
2021-07-26,0.002856905131775944,0.0024548759933598063
2021-07-27,-0.003684937324367106,-0.004557526359755926
2021-07-28,0.001686677720220094,-0.00041003749169199466
2021-07-29,0.006536447492894319,0.00414737076604732
2021-07-30,-0.0031674992900003382,-0.0048564178236959465
2021-08-02,-0.004616861150650001,-0.0020980209755931956
2021-08-03,-0.0009695149886752574,0.008135283316058173
2021-08-04,-0.005732397992700792,-0.004918712639193079
2021-08-05,0.007146450053766092,0.006332845241596496
2021-08-06,-0.008940702515736938,0.0016524834112308096
2021-08-09,-0.007706893358073397,-0.000813477816163366
2021-08-10,0.0013424025787914422,0.0012438825945575438
2021-08-11,0.004727396694351256,0.002484822065408787
2021-08-12,-0.0010347225604505996,0.002996939636962015
2021-08-13,0.005174389821815913,0.0018199917399810417
2021-08-16,-0.0004721439153761996,0.0023542953882111917
2021-08-17,-0.004158472203424135,-0.0065550959128029
2021-08-18,-0.0058141949597168745,-0.010944940716926643
2021-08-19,-0.000596340137658709,0.0015481418357543575
2021-08-20,-0.005932499511967245,0.007957306660215435
2021-08-23,0.011257558411425653,0.008796218387600474
2021-08-24,0.002943174815680072,0.0015876303396180624
2021-08-25,2.682979671357437e-06,0.0020985428061623956
2021-08-26,-0.0015673014946315789,-0.005903416063253175
2021-08-27,0.009981603674173556,0.008941074689388318
2021-08-30,0.0054184431038517555,0.004397524814081066
2021-08-31,-0.0022527331079669937,-0.0014815176360816196
2021-09-01,0.0036690987931259733,0.0005314738065123059
2021-09-02,0.002323207718699538,0.0030765021264282932
2021-09-03,-0.002087036352704426,-0.00024266201381961672
2021-09-07,-0.0035320202976285202,-0.0035755211923536034
2021-09-08,0.0007023215315672036,-0.0012181763806283774
2021-09-09,0.0014599037317836183,-0.004280295059321815
2021-09-10,-0.008096936376303487,-0.007884540240237992
2021-09-13,0.002644596699846069,0.0025590753052495696
2021-09-14,0.001294342736669729,-0.005396452483405034
2021-09-15,0.004093524588824282,0.008352776759426472
2021-09-16,-0.0018265275757423094,-0.0015851405196487534
2021-09-17,-0.008795668722864598,-0.009741130755394178
2021-09-20,-0.008311726382659349,-0.016674339055586018
2021-09-21,-0.00019186609853527603,-0.0009445475028057038
2021-09-22,0.00835330269045061,0.009754640322032326
2021-09-23,-0.00040655289093916025,0.01215006485614567
2021-09-24,-0.002396060733576714,0.0016472900169746119
2021-09-27,-0.004839613484143449,-0.0028608962430747287
2021-09-28,-0.02134207164410251,-0.020151820839761747
2021-09-29,0.0005928857312224775,0.00168306923749717
2021-09-30,-0.00534497011546516,-0.012222279408960701
2021-10-01,0.008500597594818138,0.0118843174018477
2021-10-04,-0.002466091708965833,-0.012896172455051036
2021-10-05,0.005451413220234643,0.010404889997605915
2021-10-06,-0.0015283143404472383,0.004156131485078207
2021-10-07,0.003761139003852887,0.008645471242170633
2021-10-08,-0.0028814916333640044,-0.0018237157843680185
2021-10-11,-0.0011820621274529022,-0.007239581203982937
2021-10-12,0.004537214796950387,-0.002461615502936332
2021-10-13,0.007801833324811769,0.0035976512358979473
2021-10-14,0.010823482737173965,0.016820823078489644
2021-10-15,0.002948722331594378,0.007615729833604146
2021-10-18,0.002916028834853312,0.002960518223545927
2021-10-19,-0.0013022797210636705,0.00771468616527704
2021-10-20,0.0010185936048253685,0.003927917399906944
2021-10-21,-0.0033979721022271057,0.0026083661531397517
2021-10-22,0.0024197941081428955,-0.0010365133256002856
2021-10-25,0.004600629409512225,0.005362922631575229
2021-10-26,0.0042663119270133585,0.0009000911022514213
2021-10-27,0.000708283338211416,-0.004430307776616349
2021-10-28,0.0042909767787835396,0.009648957707073968
2021-10-29,0.0009499157651757795,0.0020292628581053407
2021-11-01,0.000904158324868565,0.0017199805840422133
2021-11-02,0.003671365860781872,0.004043210592775903
2021-11-03,-0.0029258440452110497,0.00610508009746713
2021-11-04,0.0037821733382354212,0.004712671854098183
2021-11-05,0.006102054949843024,0.0034696168552568185
2021-11-08,0.0018788823023672871,0.0008536201852831216
2021-11-09,-0.0007369611077284364,-0.003305234674091162
2021-11-10,-0.011770623898242905,-0.00804501223517351
2021-11-11,0.0033894846257295588,0.000323638136338511
2021-11-12,0.005554932593456259,0.0075468207612172655
2021-11-15,0.00019435844033414507,0.0003424941879774934
2021-11-16,0.00322438754422986,0.003957701792273838
2021-11-17,-0.003605651834445574,-0.002429290252051519
2021-11-18,0.005690658753062516,0.003396398445211446
2021-11-19,-0.004085876879238818,-0.001788175577264517
2021-11-22,-0.002410094881819906,-0.002815103280728537
2021-11-23,0.0049545130498959145,0.0013258696116142943
2021-11-24,0.0007160668385930065,0.002669917710558467
2021-11-26,-0.03362880713379475,-0.022303150934274485
2021-11-29,0.01132302520645371,0.012266763148552684
2021-11-30,-0.020534222586550056,-0.019457677325806055
2021-12-01,-0.012615720772481815,-0.01110742769530182
2021-12-02,0.005752627466179291,0.015316370983071259
2021-12-03,-0.0014764554155402383,-0.008701363390544503
2021-12-06,0.0039045842330847806,0.011843440611738476
2021-12-07,0.012384904576402104,0.02068493920363279
2021-12-08,0.0001986969366520137,0.002647927041571796
2021-12-09,-0.008103274637846694,-0.006751687869976486
2021-12-10,0.006633499225712103,0.009413616424862381
2021-12-13,-0.0015288436295185497,-0.008858290786438738
2021-12-14,-0.007210307551150522,-0.006880111068456873
2021-12-15,0.0060543925430971415,0.015625038414078585
2021-12-16,-0.006456833335491408,-0.008818460227571379
2021-12-17,-0.0018325196093606686,-0.010643030869031955
2021-12-20,-0.008060586502419365,-0.01063339391234519
2021-12-21,0.013229550422247233,0.01775896138854116
2021-12-22,0.009540861901789302,0.009998891930437903
2021-12-23,0.0014048042204845386,0.006221984340044839
2021-12-27,0.010512098761061257,0.01415225840458123
2021-12-28,-0.003503338903976916,-0.0008174707269502646
2021-12-29,-0.002094948359639674,0.001279341973414505
2021-12-30,0.00021050317731426604,-0.0027646299359426196
2021-12-31,-0.003024038698471047,-0.0025201313182000584
2022-01-03,-0.0049246760926422795,0.005789886535650934
2022-01-04,-0.004840503139098561,-0.000334786950980992
2022-01-05,-0.026180666637800457,-0.0192021931236821
2022-01-06,-0.0002488439656433602,-0.0009393322908927138
2022-01-07,-0.00713576782487609,-0.003953548850726074
2022-01-10,-0.002116786480655719,-0.00124435440816828
2022-01-11,0.008556771896100527,0.009108161561002692
2022-01-12,0.0026149401848922778,0.00270358759590672
2022-01-13,-0.013594090188011792,-0.01377854578118587
2022-01-14,-0.0008068854740164539,0.00040893967116972796
2022-01-18,-0.01770289836540558,-0.017709543717895126
2022-01-19,-0.011615359353246164,-0.010383660795156291
2022-01-20,-0.012292267782790724,-0.011067913110585637
2022-01-21,-0.01660809358629885,-0.019630740427783455
2022-01-24,0.003575195733957074,0.004246725832662834
2022-01-25,-0.013124707754825252,-0.01220890953149889
2022-01-26,-0.006563671694199061,-0.0025088844504481678
2022-01-27,-0.010517018534408524,-0.00493796319364781
2022-01-28,0.02952238300654438,0.02483550323307626
2022-01-31,0.02076046357793045,0.01801123260972104
2022-02-01,0.0023278295723992617,0.006756733376375612
2022-02-02,0.003998295083895709,0.009714027647385715
2022-02-03,0.002212375218060947,-0.023504877054734474
2022-02-04,0.007946969107507584,0.004702174095550182
2022-02-07,0.002190086866084684,-0.0032093338783539815
2022-02-08,-0.008741203469426195,0.00822795696803813
2022-02-09,0.010141028785846551,0.014636061296953384
2022-02-10,-0.005237758630059597,-0.017965689106528848
2022-02-11,0.014918727904998264,-0.01971855386203436
2022-02-14,0.005188034503120775,-0.0032692993075253973
2022-02-15,-0.016343982779968624,0.016126765880494442
2022-02-16,0.001311657863654947,0.0011208235581174897
2022-02-17,0.008296890814877278,-0.021361496073811215
2022-02-18,0.003897956696036431,-0.006474960500388427
2022-02-22,0.014236319153185573,-0.010731766998332115
2022-02-23,0.009357754027148779,-0.017738510207658043
2022-02-24,0.004214048151180982,0.015049065000489303
2022-02-25,-0.015107096059676306,0.022064145008985347
2022-02-28,0.017043207200916788,-0.0025587686969418266
2022-03-01,0.03971786363531166,-0.015229987451522597
2022-03-02,0.011107683325085826,0.01839624498818071
2022-03-03,0.008436934310616429,-0.004978726089626684
2022-03-04,0.028990800999742827,-0.008124639994592675
2022-03-07,0.018353325444979474,-0.02947912974426925
2022-03-08,0.02219397717098992,-0.0075816503415088166
2022-03-09,-0.05457769435765558,0.026810612197319728
2022-03-10,-0.00443779994978627,-0.0045155081010893605
2022-03-11,0.005103272479822785,-0.01271495167022485
2022-03-14,-0.022169074776689224,-0.007308278335039997
2022-03-15,-0.02164939827128165,0.02199019052715423
2022-03-16,-0.0011396885008156388,0.022174424702810613
2022-03-17,0.026439429021653527,0.012510859164271082
2022-03-18,-0.0020465614588757175,0.01095286845012966
2022-03-21,0.022519192252513864,-0.0002925508990921921
2022-03-22,-0.004751929603016403,0.0117014586642199
2022-03-23,0.019249858106766493,-0.012878323357668808
2022-03-24,-0.0013275524902473523,0.01507420313924901
2022-03-25,0.0016614903380176571,0.004883700700052396
2022-03-28,-0.03082499983710041,0.007112922447175096
2022-03-29,0.0021478967486966427,0.01237094158486407
2022-03-30,0.013029973130716965,-0.0061746155007430525
2022-03-31,-0.009034097895508741,-0.01539157319931761
2022-04-01,7.879156987844471e-05,0.0028341437432346517
2022-04-04,0.01195443727036194,0.008566638596647635
2022-04-05,-0.007247662640645913,-0.012631382545144176
2022-04-06,-0.0027891362955067556,-0.009999301760781676
2022-04-07,0.0036034588979014792,0.005038925002299077
2022-04-08,0.009385396570045446,-0.002673948016917338
2022-04-11,-0.0016370492574581674,-0.017092311688957196
2022-04-12,0.018744023966557055,-0.0037050468161807792
2022-04-13,0.013387317242027574,0.011453406314079873
2022-04-14,0.0021130302443567728,-0.01245196147713612
2022-04-18,0.007242510107362543,0.00041152485246009896
2022-04-19,-0.02039951635194831,0.016142457778654862
2022-04-20,0.002989182126864054,-0.0007414206622496922
2022-04-21,-0.002500296254029366,-0.014953492137618096
2022-04-22,-0.014434724987928638,-0.027439205765589336
2022-04-25,-0.012668754703294205,0.005797599041747814
2022-04-26,0.007627110315703622,-0.02896079727872014
2022-04-27,-0.0003012685630499057,0.002811703443614144
2022-04-28,0.006879473354733379,0.025259562948446224
2022-04-29,-0.003841572845770802,-0.036955742292176574
2022-05-02,-0.0016422538284499577,0.006019339423408487
2022-05-03,-0.005652107845744658,0.004584224526135605
2022-05-04,0.02051357465277337,0.030452812052934597
2022-05-05,-0.004544539214288934,-0.03554294722865081
2022-05-06,0.0013584928480510072,-0.005968711789176684
2022-05-09,-0.029854563643670506,-0.03201743457122985
2022-05-10,-0.007183352501399842,0.002310685207692398
2022-05-11,0.016369453885672347,-0.015886190891927
2022-05-12,-0.005305019292018764,-0.001043805329441705
2022-05-13,0.0028168619482299984,0.023907672036987515
2022-05-16,0.012974722477766765,-0.004057524904978682
2022-05-17,-0.008580195828838733,0.02057029503444796
2022-05-18,-0.010557546066887413,-0.04031145241465173
2022-05-19,0.013696136182897112,-0.0061245732556340915
2022-05-20,0.0010652941945583638,0.00043635823849097477
2022-05-23,0.006080604379564258,0.018710076549294463
2022-05-24,0.0034059446149540262,-0.0076335940046281525
2022-05-25,0.0005373777058411688,0.008834722249584592
2022-05-26,0.004542926970693528,0.01998155216046893
2022-05-27,0.0061921231234113305,0.024549045479764997
2022-05-31,-0.008394796399659843,-0.005611034606479937
2022-06-01,0.005115132912301978,-0.008088467149420908
2022-06-02,0.02280573402957442,0.019043593068210685
2022-06-03,0.009459473269584517,-0.016411619088874896
2022-06-06,0.004350708510526102,0.003044788076528082
2022-06-07,0.006664402834372529,0.009592198098473448
2022-06-08,0.008937526633685744,-0.01087204465477365
2022-06-09,0.0016403375316835778,-0.02378288207103252
2022-06-10,-0.009826409974702521,-0.02899594987461407
2022-06-13,-0.01124703457244225,-0.037968055007518875
2022-06-14,-0.011040484661634098,-0.003013209856137289
2022-06-15,0.0006765115171580849,0.014256268105188097
2022-06-16,0.0043949078145353315,-0.03309589524199241
2022-06-17,-0.03567821777941338,0.0021557916153940315
2022-06-21,-0.002443265461702926,0.025173590028697346
2022-06-22,-0.017844686403780785,-0.0018131006759707358
2022-06-23,-0.022443826399591082,0.009802576900934223
2022-06-24,0.00947523798933525,0.03179395865479928
2022-06-27,-0.002166130231646024,-0.0038196866257488304
2022-06-28,0.011939142776115075,-0.02043295539296175
2022-06-29,-0.01716113659614571,-0.0008144776403051779
2022-06-30,-0.030920456377624195,-0.0081242441635907
2022-07-01,0.004880013928791449,0.010576535767439887
2022-07-05,-0.0672395089904223,0.0018884710207986988
2022-07-06,-0.014817687680849345,0.0033775508845168556
2022-07-07,0.04146332683216136,0.014977205696433904
2022-07-08,0.01756437716281045,-0.0008228373022555191
2022-07-11,-0.0019178171341308614,-0.011423598200261287
2022-07-12,-0.04534977759805903,-0.008848798229838195
2022-07-13,0.0056360350438753315,-0.005251700887301869
2022-07-14,-0.0092073077202528,-0.00242857204773661
2022-07-15,0.01292929904839446,0.019105126584327392
2022-07-18,0.018747562190003064,-0.008256926288448319
2022-07-19,0.00391531575156101,0.027019256469347663
2022-07-20,-0.0007800262664697799,0.006373116320349981
2022-07-21,-0.016783741980393785,0.010183152728289402
2022-07-22,-0.011909499257336864,-0.009278126885295723
2022-07-25,0.01807943537982304,0.0012148739555029042
2022-07-26,0.0019732391710163277,-0.011830912827611284
2022-07-27,0.02284358159304456,0.025966269019942922
2022-07-28,0.0007702833690705901,0.012542556838114338
2022-07-29,0.0046171308509255216,0.014578639639340363
2022-08-01,-0.02129885846048396,-0.0029611643922911046
2022-08-02,0.00010942540718694715,-0.006597331049786548
2022-08-03,-0.00010941343457726571,0.015659503414734655
2022-08-04,0.00021904976965947398,-0.0006755787862202656
2022-08-05,0.00021860397393780318,-0.001689972155608177
2022-08-08,0.00010987470306478286,-0.001160946597390855
2022-08-09,-0.0001098626319407936,-0.0039712168435784845
2022-08-10,0.00010987470306478286,0.02100403729636935
2022-08-11,0.0,0.0
2022-08-12,0.00021843276232935693,0.016928997509176646
2022-08-15,-0.00010894402622929622,0.004120656401433553
2022-08-16,0.00010895589632320402,0.0019587870249071493
2022-08-17,0.0,-0.007097950624750271
2022-08-18,0.00043716772569002416,0.0029062759034148566
2022-08-19,0.0,-0.013437946500116094
2022-08-22,0.00010979064265770333,-0.020822408449857943
2022-08-23,-0.00021896109715002776,-0.002419302265500467
2022-08-24,0.0003284142085202557,0.003201158135150761
2022-08-25,0.00010867388457280747,0.014117478954684959
2022-08-26,0.0,-0.03384900253066325
2022-08-29,0.0,-0.006612095281910979
2022-08-30,0.000109059377765508,-0.010978021328676868
2022-08-31,0.0002187901727757069,-0.007608962009519438
2022-09-01,0.0002082172640409663,0.003137716039264715
2022-09-02,0.00010949729721354551,-0.010544313346625755
2022-09-06,0.0,-0.0037731261979797592
2022-09-07,0.00010898900193767602,0.017964976653876308
2022-09-08,0.00021874825381029694,0.006536382010053465
2022-09-09,0.0,0.015535076022566985
2022-09-12,-0.00010964789332656988,0.010747710947947242
2022-09-13,0.0002189228756344086,-0.043482525143137885
2022-09-14,0.0,0.003815894260589703
2022-09-15,0.0003283124383484104,-0.011353418504300938
2022-09-16,0.0,-0.007628770523730566
2022-09-19,0.0,0.007754857554990391
2022-09-20,-0.00010930237609674265,-0.01147832679827876
2022-09-21,0.00021813266731607328,-0.017443958545138027
2022-09-22,0.00043706276368071784,-0.008399868042125558
2022-09-23,0.0,-0.016754754058864285
2022-09-26,-0.00021828721462435752,-0.009892733521499997
2022-09-27,0.0003277997704609348,-0.002552790018367501
2022-09-28,0.00010903254333971546,0.01967650843554991
2022-09-29,0.00021823953245592165,-0.020889169674434216
2022-09-30,0.0,-0.015463370859125636
2022-10-03,-0.00027308670116321654,0.02640103632887092
2022-10-04,0.00032787284956103946,0.030986680925640275
2022-10-05,0.0,-0.0023282838689296925
2022-10-06,0.00021917080708266923,-0.01031564831209153
2022-10-07,0.0,-0.027894005545312406
2022-10-10,0.00010886796435838342,-0.007635309466267226
2022-10-11,0.0,-0.006332986245563554
2022-10-12,0.0,-0.0032983922914308073
2022-10-13,0.0003281531426235773,0.026391193763373177
2022-10-14,0.0,-0.02278871708115604
2022-10-17,0.0,0.02569667250575991
2022-10-18,0.0,0.011749488866685587
2022-10-19,0.0,-0.007086198948508482
2022-10-20,0.0004372619677441847,-0.00838525410609725
2022-10-21,0.00010887181580865324,0.024301339878574524
2022-10-24,-0.00010885996402676401,0.012236699545030039
2022-10-25,0.0,0.015968489709039524
2022-10-26,0.0002180405547513864,-0.007534186841336554
2022-10-27,0.0003278306339669079,-0.00533990128434092
2022-10-28,-0.00010930701233669016,0.023790664964560948
2022-10-31,0.0,-0.007223350306940102
2022-11-01,8.745516933261754e-05,-0.004375987764402511
2022-11-02,0.00032842281865907985,-0.02509589505301435
2022-11-03,0.00032801832234996553,-0.01029693560322642
2022-11-04,0.00021916736764970857,0.014393025309386687
2022-11-07,-0.00010980676184302318,0.009565695511989825
2022-11-08,0.00010981882069205362,0.0053952366309353295
2022-11-09,0.0005461675661069254,-0.020602217370310094
2022-11-10,0.00010945047563537535,0.05495450067290886
2022-11-11,-0.0001094384975398599,0.00967823379930155
2022-11-14,0.0,-0.008506627131594668
2022-11-15,0.00021870338723539717,0.008528975316314913
2022-11-16,0.00010952530409813477,-0.007628670502632384
2022-11-17,0.00032735493362401336,-0.0030598289434082826
2022-11-18,0.0,0.004540272871806472
2022-11-21,0.00010908260247988188,-0.0036359929869239638
2022-11-22,0.00021863494212781553,0.013456952062477656
2022-11-23,0.00021838978145027887,0.006301790998201939
2022-11-25,0.0,-0.00022372567789941122
2022-11-28,0.0001088257269938886,-0.01595709116080224
2022-11-29,0.00032762548766474,-0.0017176001087783055
2022-11-30,0.0,0.031500789253753325
2022-12-01,-0.0007812600623576796,-0.0007361303718347312
2022-12-02,0.0013129583824680324,-0.0011535695686191172
2022-12-05,-0.01955916925598322,-0.017989347198774097
2022-12-06,-0.0114050573956976,-0.014414798837213194
2022-12-07,-0.0015481911254402827,-0.0017011897907771578
2022-12-08,0.006728434770180739,0.007833947901335181
2022-12-09,-0.006382789662958983,-0.007470262577463971
2022-12-12,0.009721120770392888,0.014417316008281
2022-12-13,0.010011807730270142,0.007569885276347721
2022-12-14,-0.004613152535999254,-0.006393610361865143
2022-12-15,-0.025011200951767343,-0.024461561074910154
2022-12-16,-0.009350225479424027,-0.011806116040452341
2022-12-19,-0.008153297141322994,-0.008479681324532362
2022-12-20,0.003547591024876784,0.0013682850144740577
2022-12-21,0.014188233273375223,0.014952653522956272
2022-12-22,-0.011833028495588205,-0.01426630575126897
2022-12-23,0.004601979036727913,0.005752544596241194
2022-12-27,-0.0030450392201775882,-0.003943844968784527
2022-12-28,-0.012854976309162842,-0.012427915953598045
2022-12-29,0.01970302881003379,0.018000528403018023
2022-12-30,-0.005230023738675019,-0.0026341695582158264
2023-01-03,-0.0009598440742089777,-0.0042100963864792895
2023-01-04,0.011350430353417318,0.007720371349535071
2023-01-05,-0.011218329269623961,-0.011413284932590972
2023-01-06,0.022149123483322986,0.022931945488551042
2023-01-09,0.0032508197620840784,-0.0005667214829138123
2023-01-10,0.0032996824767370647,0.007012865890130948
2023-01-11,0.003445568641617658,0.012647754958123425
2023-01-12,0.013160365669663388,0.003640662415447915
2023-01-13,0.008637610057345091,0.003879593897299749
2023-01-17,-0.0017128828552833708,-0.0018317469432508338
2023-01-18,-0.003202576902655352,-0.01578806235148067
2023-01-19,0.0071540245351376375,-0.007280052912636559
2023-01-20,0.002736348709026948,0.018629201151880492
2023-01-23,0.0029902806913829627,0.01199865686376067
2023-01-24,0.0011780594096374997,-0.0010733205477032604
2023-01-25,0.005602090364051127,0.00037474596585851394
2023-01-26,-0.004109224193966032,0.01099031717509602
2023-01-27,-0.0016721258244976056,0.002297637678671638
2023-01-30,-0.004495630205081924,-0.01254659500195865
2023-01-31,0.0046997581499442775,0.014703322287802356
2023-02-01,0.01043748703562993,0.010627651161344565
2023-02-02,-0.009369416640993148,0.01455698154674745
2023-02-03,-0.01734387675910979,-0.010629124852741145
2023-02-06,-0.007607624143428045,-0.006111218353531456
2023-02-07,0.004460096168575604,0.013078610594748463
2023-02-08,-0.0016455537424184818,-0.010934802673660649
2023-02-09,-0.0004578103839919154,-0.008669202123765318
2023-02-10,-0.004023617730839368,0.002333587533523085
2023-02-13,0.004393792865669914,0.01173917097203847
2023-02-14,0.0002825447902696046,-0.00046022821846070094
2023-02-15,-0.007615040084684795,0.0032473674937161245
2023-02-16,-0.0018287817633605061,-0.013768800807406056
2023-02-17,-0.001813139634353922,-0.0024982167041566194
2023-02-21,-0.0091068141416701,-0.020061021755878983
2023-02-22,-0.005342821547582477,-0.00137807701156889
2023-02-23,0.0031655960041900855,0.0053193887571933995
2023-02-24,-0.01543989009357712,-0.01068229738258597
2023-02-27,0.007006531273607471,0.0034057808576726245
2023-02-28,-0.0032524938788454447,-0.00369610416497812
2023-03-01,0.010518886601567487,-0.00383586601169017
2023-03-02,0.003232798884905907,0.00777735599326812
2023-03-03,0.015332470199050633,0.016037995307549346
2023-03-06,-0.0021495807283216464,0.0006925834428417321
2023-03-07,-0.015478809272904199,-0.015328555334673921
2023-03-08,0.003328686453670756,0.001631901935868152
2023-03-09,-0.004924466904981014,-0.018449794804487163
2023-03-10,-0.0010481866208367219,-0.014429451153161188
2023-03-13,0.00783938630763011,-0.0014253078401109676
2023-03-14,0.010178489102440827,0.01653013713798912
2023-03-15,-0.005974615008122613,-0.006254309492505716
2023-03-16,0.014638221733002553,0.017545033361856754
2023-03-17,0.004160322932887113,-0.011692682545578537
2023-03-20,0.006519784166687673,0.009615607246501012
2023-03-21,0.0035009988891152224,0.013130664844075879
2023-03-22,-1.4167027924301585e-05,-0.017046583079635913
2023-03-23,0.008180460242819116,0.002703491648537115
2023-03-24,-0.0035380488099791365,0.006561910400293192
2023-03-27,-0.002221102692316679,0.0018698398938543637
2023-03-28,0.0011031945579321745,-0.0022446881714188738
2023-03-29,0.008453076392741546,0.014534809658346415
2023-03-30,0.010054259954043483,0.005855337290496587
2023-03-31,0.005492475635271184,0.014094796629497308
2023-04-03,0.004247974501386809,0.0038102494085923144
2023-04-04,0.005135349592113554,-0.005547955798634208
2023-04-05,-0.00586826933277836,-0.002618215099756016
2023-04-06,0.001452251039334107,0.003900775053511163
2023-04-10,-0.0028870035890194985,0.0010264366091476962
2023-04-11,0.0010803739881926804,0.0002685714644992121
2023-04-12,0.00080954077525186,-0.004076068505204478
2023-04-13,0.015303231654166877,0.013282856644400987
2023-04-14,-0.007890276883727749,-0.002442638181499257
2023-04-17,-0.0017938992059317225,0.003588173457984567
2023-04-18,0.0031386914775753576,0.0006521155542618118
2023-04-19,-0.002792806762265565,-0.0001688715275313113
2023-04-20,-0.001228659272095737,-0.00545708384083321
2023-04-21,-0.0012646901660661176,0.0007768804575196686
2023-04-24,0.0011784174716698752,0.0010430841660857837
2023-04-25,-0.009243503192589559,-0.01587375705628935
2023-04-26,-1.9753898471974946e-05,-0.004235609404106611
2023-04-27,0.013251735135529833,0.019908074120989827
2023-04-28,0.002253955490127265,0.008535242694053258
2023-05-01,-0.002710889986220562,-0.0010097269830942057
2023-05-02,-0.00022134363081357123,-0.01123920069143125
2023-05-03,-0.0016429740657765888,-0.006864130899539633
2023-05-04,-0.0011932849875360882,-0.0070830062785938175
2023-05-05,0.008039667841892955,0.018512529319208992
2023-05-08,0.001323665481026174,0.0002666828787665221
2023-05-09,-0.0012107373834875364,-0.004385266883705108
2023-05-10,0.00470846108806063,0.004672136126014914
2023-05-11,-0.002355512548736597,-0.0017437974012851631
2023-05-12,-0.0022022786590255583,-0.0013101905172696604
2023-05-15,0.0036686760741580686,0.003449912995140858
2023-05-16,-0.006016648958554767,-0.006682800209454665
2023-05-17,0.006927075316229603,0.012139016151538673
2023-05-18,0.005077822908692741,0.009633196260628862
2023-05-19,0.002063528712380432,-0.0014549268088541734
2023-05-22,0.00047427375871245115,0.0004061867065905389
2023-05-23,-0.007566210273624215,-0.011222994863156144
2023-05-24,-0.0068142050470841875,-0.0072446915017113644
2023-05-25,0.007791531651800168,0.008659713537857883
2023-05-26,0.01416554387446034,0.012950817824308958
2023-05-30,0.003702243455765715,0.00038091226822878355
2023-05-31,-0.0032311083141675447,-0.005545263288205038
2023-06-01,0.009650485996169984,0.009501040165452501
2023-06-02,0.002404447928978388,0.014461139832323777
2023-06-05,0.001603030862409538,-0.0019162098424383434
2023-06-06,0.0010355002396031932,0.0021774620395784705
2023-06-07,-0.010811234308599683,-0.003457724968653264
2023-06-08,0.010557760175210188,0.006048627395324413
2023-06-09,0.0009775443796102474,0.0017943355660898774
2023-06-12,0.0083633275440577,0.009071870884221456
2023-06-13,0.0023029791822153367,0.006592812353275912
2023-06-14,0.003004123171511367,0.0011907892011131516
2023-06-15,0.01044798134426735,0.012397652584857033
2023-06-16,-0.0037460560102303697,-0.0034061100362831054
2023-06-20,-0.0056568420196022595,-0.005188220676807687
2023-06-21,-0.006732617769431347,-0.005123764779533246
2023-06-22,0.0018305424195468318,0.0036097827997971788
2023-06-23,-0.004905401988119544,-0.007560070623939152
2023-06-26,-0.0052505561680838975,-0.004085814909374652
2023-06-27,0.007854696517860008,0.010963382825592616
2023-06-28,4.950161077843518e-05,0.0005044557107349856
2023-06-29,0.00028894779208910043,0.003941205446303941
2023-06-30,0.011294803019355074,0.011800843307819608
2023-07-03,0.0012091702583908461,0.0011505851648474508
2023-07-05,-0.0038264588834366524,-0.001487096578478564
2023-07-06,-0.010531652759842098,-0.00783085815328255
2023-07-07,0.0015714199374931386,-0.002524736175084641
2023-07-10,0.006655577670974836,0.0025311266019802936
2023-07-11,0.007194090043811885,0.006368614939907591
2023-07-12,0.010527377818780215,0.008045969523040153
2023-07-13,0.010997935494049703,0.007936792022413153
2023-07-14,-0.0035351409963749743,-0.0006228861330327407
2023-07-17,0.007838075587937327,0.0034722868528593853
2023-07-18,0.009319122798330543,0.007430506489133792
2023-07-19,0.0020753931706522693,0.0022239252144033994
2023-07-20,-0.012808758687334443,-0.006634632909045757
2023-07-21,-0.0020592167793464324,0.0
2023-07-24,0.0028443904686028527,0.004467341505875799
2023-07-25,0.0031350911207619716,0.0027300664177838385
2023-07-26,0.001575969737233322,0.00015378062467075182
2023-07-27,-0.007314294784651915,-0.006630048258550958
2023-07-28,0.013649444430255508,0.009790264913791757
2023-07-31,0.004677564620706454,0.0019040032666994833
2023-08-01,-0.0032535086166466014,-0.0028614410832580317
2023-08-02,-0.01648489374197626,-0.013910801989888477
2023-08-03,-0.002429078486896811,-0.002865940487663754
2023-08-04,-0.00373636370494342,-0.004522745349619273
2023-08-07,0.005954918499623485,0.008728491776003544
2023-08-08,-0.0063765669575717165,-0.004348656336599088
2023-08-09,-0.008500300432061587,-0.006685312155942702
2023-08-10,-0.0007431938455027356,0.0003590178941852429
2023-08-11,-0.0018477889086319086,-0.0005831591812156534
2023-08-14,0.005004878848717809,0.005520108127587964
2023-08-15,-0.011825857327528833,-0.011648832108919649
2023-08-16,-0.010050758202244992,-0.0073381579205228364
2023-08-17,-0.010109031595589549,-0.007619945182738674
2023-08-18,0.0015571343317164474,0.00048130106517896287
2023-08-21,0.007051923099754256,0.006506303868592855
2023-08-22,-0.0023734617730253684,-0.002708486789015807
2023-08-23,0.01252266277306857,0.011137593558844028
2023-08-24,-0.016355879250168237,-0.013859001551281613
2023-08-25,0.006352890332696962,0.007049798194985968
2023-08-28,0.00759385536843841,0.006341375928172299
2023-08-29,0.016748742644536886,0.014454830942724817
2023-08-30,0.004489175162449325,0.004118729077884575
2023-08-31,-7.046284866381769e-05,-0.001463220201190163
2023-09-01,0.0038944639237585847,0.0018649580198049076
2023-09-05,-0.004989634339989002,-0.004321774153688396
2023-09-06,-0.003385099197084962,-0.006722724509601874
2023-09-07,-0.006272484043160201,-0.0030700899396433057
2023-09-08,0.0003907797481581543,0.0015061975057022448
2023-09-11,0.006720295896429565,0.006576575301879606
2023-09-12,-0.0028315740954446555,-0.005485570735918599
2023-09-13,0.00013382575215155823,0.0011659670580213
2023-09-14,0.010184050337230799,0.00862247792166082
2023-09-15,-0.00997432053456367,-0.012048316496516609
2023-09-18,-0.0019979036267679198,0.0005864318869721608
2023-09-19,-0.0017468082758700374,-0.0020739709178729804
2023-09-20,-0.010883493510788989,-0.009193192951669205
2023-09-21,-0.012331585244863292,-0.016528503360219382
2023-09-22,-0.0004423804647302557,-0.002248501694004479
2023-09-25,0.0014909021915702203,0.004205136441423507
2023-09-26,-0.009688837730581712,-0.014691180814785931
2023-09-27,0.005755002365631718,0.0003991290167313366
2023-09-28,0.005403977474462936,0.005797323501809171
2023-09-29,-0.004901822100643234,-0.002426722647862145
2023-10-02,-0.005457817121994297,-0.00039778278372171183
2023-10-03,-0.00444082817465119,-0.01338609666119528
2023-10-04,-0.02798056881627231,0.007281837260790569
2023-10-05,-0.005840721687952688,-0.0003766382873521268
2023-10-06,0.003776828539280741,0.011872926249607785
2023-10-09,0.02090303737540955,0.006402050349254784
2023-10-10,-0.002457052001563209,0.005204912819663621
2023-10-11,-0.005747123352511929,0.004096329371875207
2023-10-12,-0.0004129202475577909,-0.006096529615446156
2023-10-13,0.02643547260379875,-0.004980875429855147
2023-10-16,-0.003219351496682399,0.010521496140540432
2023-10-17,0.002825997559017912,-4.589630894502594e-05
2023-10-18,0.008856539826053167,-0.01332501949415732
2023-10-19,0.010375194616410344,-0.008786523905952803
2023-10-20,-0.007503957773650871,-0.01228797848238028
2023-10-23,-0.006366876462412074,-0.0017333044848953927
2023-10-24,-0.010812932378117424,0.007539392699988712
2023-10-25,0.0072873317520929515,-0.014352118612905196
2023-10-26,-0.008440422987970986,-0.0119746903212683
2023-10-27,0.013376664244641123,-0.004532662176954139
2023-10-30,-0.016000089245747917,0.01195579639643607
2023-10-31,-0.0036585218955086374,0.006280319349446284
2023-11-01,0.001131960612482164,0.010664617037739132
2023-11-02,0.006957355613977478,0.019164415959888492
2023-11-03,-0.0008004304192014144,0.009123380342047183
2023-11-06,-0.0018703809985107789,0.002300344804824661
2023-11-07,-0.012766655370971158,0.0028461911355184277
2023-11-08,-0.010550809867842292,0.0007323394361860025
2023-11-09,0.0007404164840802974,-0.007798757139632184
2023-11-10,-0.0029465097921247962,0.015604716222656245
2023-11-13,0.010064844877743284,-0.0009529662237879322
2023-11-14,0.003639593501932492,0.019400626164377544
2023-11-15,-0.004603168911814448,0.002117015713398729
2023-11-16,-0.006345372695896245,0.001223162292542268
2023-11-17,0.007145909476482304,0.0012438227768831744
2023-11-20,0.005446301389585351,0.0076975556449827565
2023-11-21,0.008285501699555331,-0.0021794243551297443
2023-11-22,-0.006436167316262842,0.0038608339289862847
2023-11-24,-0.0007076679131670094,0.0006153298861910628
2023-11-27,3.8314132977890214e-05,-0.001801038304336644
2023-11-28,0.012743105128590337,0.0009902122000366997
2023-11-29,0.004259354220946476,-0.0007034327420673003
2023-11-30,-0.010513227558446026,0.00393763579236639
2023-12-01,0.005668802032390489,0.005915793706414485
2023-12-04,-0.01204878929572232,-0.005249483508577457
2023-12-05,-0.0004885626927520667,-0.00019705641536471585
2023-12-06,-0.0020422156021944935,-0.00402977182231945
2023-12-07,0.00775100398922975,0.007630496052002167
2023-12-08,-0.001528221728612185,0.004299178458064379
2023-12-11,0.00046299876016527497,0.003889530635455385
2023-12-12,0.003995496368794037,0.004567143826289977
2023-12-13,0.016356752577019774,0.013790132375123054
2023-12-14,0.0027350124143981818,0.003209432476292795
2023-12-15,-0.001993049841105006,-0.001646595592390998
2023-12-18,0.005489754202388989,0.005625289083309948
2023-12-19,0.006001450797493183,0.0060806788522707045
2023-12-20,-0.01138761981964642,-0.013857131128872546
2023-12-21,0.009395968126650962,0.00948181098642098
2023-12-22,0.0026467166045186135,0.0020097299447832118
2023-12-26,0.005988294447132484,0.004222534756743723
2023-12-27,0.002793868854610748,0.0018080348792433032
2023-12-28,-0.0019745905558834114,0.00037771224607752174
2023-12-29,-0.0029297875105453266,-0.0028948544084898
2024-01-02,-0.008957528660084478,-0.005596316973911941
2024-01-03,-0.02038201356195405,-0.008166679548354372
2024-01-04,-0.00298079382556445,-0.00322114193612677
2024-01-05,-0.0014295386213007595,0.0013696685493609362
2024-01-08,0.017664242791109785,0.014275916485888551
2024-01-09,-0.004562173732184741,-0.0015171279191281695
2024-01-10,0.0028292899670077825,0.005655332229622001
2024-01-11,-0.005011410120037474,-0.0004404751616736702
2024-01-12,0.0016224982523447653,0.0006926499838006972
2024-01-16,-0.006605535649940115,-0.0036711749975993913
2024-01-17,-0.010349356042291997,-0.0055586284943240916
2024-01-18,0.004894566815124864,0.008892610044817895
2024-01-19,0.013800234728990278,0.01246628240222969
2024-01-22,0.009545504453209711,0.0021144520224924968
2024-01-23,-0.0018728708534894165,0.0029162830507418747
2024-01-24,-0.005655015886868416,0.0010931980516954987
2024-01-25,0.007448748905482935,0.005438841931409755
2024-01-26,-0.002908056776707653,-0.0012703987052381516
2024-01-29,0.011445104510851825,0.007919373323309165
2024-01-30,-0.00817942517253219,-0.0007734281669150578
2024-01-31,-0.017859752958650756,-0.016317261592246002
2024-02-01,0.01438905788650128,0.013088114379607774
2024-02-02,-0.0002601239286704744,0.010527489462228257
2024-02-05,-0.011664884715163618,-0.003641195700595956
2024-02-06,0.006815842243672228,0.0029032537875666176
2024-02-07,0.002177599295074032,0.008340432139916976
2024-02-08,0.008384278082681124,0.0004416242430944628
2024-02-09,0.009216363004435216,0.005779462124994028
2024-02-12,0.004828132279458294,-0.00043889273328623357
2024-02-13,-0.025784704380180507,-0.013773113248840119
2024-02-14,0.013995582205628724,0.009087666865085442
2024-02-15,0.017643393465050762,0.0068997302180955344
2024-02-16,-0.01099619586364268,-0.0049800362058063374
2024-02-20,-0.00770386982969203,-0.0055054446149716
2024-02-21,-0.0010490527559654885,0.0009059460883917847
2024-02-22,0.01291426663161473,0.020695425164566572
2024-02-23,-0.00038664652158570945,0.0006896579920787627
2024-02-26,-0.001729630900438613,-0.0036624553660885573
2024-02-27,0.005922054225662388,0.0018577481830415188
2024-02-28,-0.0011462009954693597,-0.00132164076202812
2024-02-29,0.00800877248735469,0.0035949057285806774
2024-03-01,0.01219393233845282,0.009388330704717784
2024-03-04,-0.0018544770053832886,-0.0010725214798540383
2024-03-05,-0.012506917016735748,-0.0099940695152958
2024-03-06,0.006270597270930859,0.0050672532385653835
2024-03-07,0.011145308883843425,0.009926389913529787
2024-03-08,-0.007021763062593759,-0.0060022091803609845
2024-03-11,-0.004167293438838482,-0.0008598627660009184
2024-03-12,0.007909301170932618,0.010757473089254121
2024-03-13,-0.0017832302887321736,-0.0015676510887688844
2024-03-14,-0.007462392756436046,-0.0019768221201301728
2024-03-15,-0.0056241972406984395,-0.006866524751650727
2024-03-18,0.0032498648450286862,0.005943094126837689
2024-03-19,0.004090768387111568,0.005557089413920746
2024-03-20,0.013632650273536587,0.009249282493273503
2024-03-21,0.0065089083395492384,0.0033047323029544717
2024-03-22,-0.004851327661657966,-0.0018956935239854422
2024-03-25,-0.0013667941053372061,-0.002762893714458925
2024-03-26,-0.002294930956860952,-0.0018469719994197442
2024-03-27,0.011198972010537506,0.00840386543014171
2024-03-28,0.0003712822408093266,-0.00019103899513839284
2024-04-01,-0.003345935793953036,-0.0017398116135795005
2024-04-02,-7.199545144394737e-05,-0.006358135831139533
2024-04-03,0.0040383829833573835,0.0010984145355084074
2024-04-04,-0.01107711494480934,-0.012205971246888159
2024-04-05,0.013114912836909019,0.010446735059327139
2024-04-08,0.002361001204623199,0.0005593746948995282
2024-04-09,0.0034511683931241297,0.0011568528623573382
2024-04-10,-0.00940183408619566,-0.010013165291547943
2024-04-11,0.014316134310695078,0.007546924360555707
2024-04-12,-0.0143280550178575,-0.013803028527343941
2024-04-15,-0.0034200162006006174,-0.01252810535274873
2024-04-16,-0.00016965428568963914,-0.0018239117772688163
2024-04-17,-0.008495941111658079,-0.005918238137195275
2024-04-18,-0.0014495234410345503,-0.0020576433156114238
2024-04-19,-0.008762039000863697,-0.008728397426554513
2024-04-22,-0.0018121770987900385,0.00920919755139571
2024-04-23,0.008110266235416847,0.011866574121826012
2024-04-24,0.00035095135498230956,-0.0004746523967652516
2024-04-25,-0.0008884342581374125,-0.0037988363571601624
2024-04-26,0.009382478072631779,0.009473829213620055
2024-04-29,0.0018569384696128417,0.003541550663215931
2024-04-30,-0.018211532207853577,-0.015841287638964974
2024-05-01,-0.0011384833641884984,-0.0032471503538187285
2024-05-02,0.008742002837850612,0.009353450252192363
2024-05-03,0.0031768750673719275,0.012395394600887455
2024-05-06,0.007570226883551726,0.010326733612151306
2024-05-07,-0.0037006307994813894,0.0011033020796804571
2024-05-08,-0.0026146098856151636,9.67241951392861e-05
2024-05-09,0.007575894236180547,0.005761925997270323
2024-05-10,0.00283984578346419,0.001288108449585268
2024-05-13,0.0009235111451045461,0.00013430747168352575
2024-05-14,0.0031884356753731167,0.0045881622177876835
2024-05-15,0.00898433173434195,0.012382947312628012
2024-05-16,0.00024603928993390445,-0.0020574030719893166
2024-05-17,0.010360460426250235,0.001437543393062457
2024-05-20,0.003075789944816868,0.0011522907357506273
2024-05-21,-0.003946201151171909,0.0024523478469407056
2024-05-22,-0.011958845052959261,-0.002879278396777152
2024-05-23,-0.010819716804380356,-0.007304161171391543
2024-05-24,0.0035244990113803,0.006616393611422522
2024-05-28,0.00899188132581922,0.000698751458297453
2024-05-29,-0.011548049762798588,-0.007002511477218976
2024-05-30,-0.004674823009651607,-0.006633697151315565
2024-05-31,-0.006761495428867059,0.00910821310388088
2024-06-03,0.0014216482229749328,0.0008153591799815452
2024-06-04,-0.006743863191082629,0.001117533398334647
2024-06-05,0.007459525131711626,0.011885182698398777
2024-06-06,0.007991575579861705,-1.8523014669868942e-05
2024-06-07,-0.020269252290368096,-0.0012156246633115986
2024-06-10,0.0076429774188711,0.0030896534756781335
2024-06-11,-0.003268646547427719,0.0024084559716648357
2024-06-12,0.005972092079297682,0.00821287495450207
2024-06-13,-0.007188112251423017,0.0020136256376885875
2024-06-14,-0.0006603247143878162,0.0006082700460166013
2024-06-17,0.0007529882686721685,0.007958943634686966
2024-06-18,0.005393932768820534,0.002540720150261855
2024-06-20,0.005087991508581968,-0.0027166727044789507
2024-06-21,-0.010207581924157307,-0.0013406079179634212
2024-06-24,0.006700345066221525,-0.0032505104166534737
2024-06-25,-0.00398321224797434,0.003850753763464221
2024-06-26,-0.004955363523166796,0.001248041728148408
2024-06-27,0.005758212979188141,0.0015764618350546655
2024-06-28,-0.0010143506972511984,-0.003934951287109856
2024-07-01,0.00510209381293906,0.0020581385390028295
2024-07-02,0.004499466853658096,0.00672966152911969
2024-07-03,0.01144094598430471,0.004462520213184051
2024-07-05,0.00935214653196792,0.005766484349109424
2024-07-08,-0.00326490478844188,0.0011538715866978855
2024-07-09,0.0022283147235001204,0.0009725098044246483
2024-07-10,0.006597365203425687,0.009895394053725859
2024-07-11,0.0005676995907667086,-0.008622675948070313
2024-07-12,0.0031026832293163564,0.0063076263231880425
2024-07-15,-0.001548151951489496,0.002750176035142937
2024-07-16,0.008661754151133572,0.005930002933012046
2024-07-17,-0.01675149336376443,-0.014021126594645938
2024-07-18,-0.006841309262848353,-0.007684978589016733
2024-07-19,-0.012177520453076185,-0.006640415674623368
2024-07-22,0.007878828960687922,0.010309853262503
2024-07-23,-0.0029415469645329333,-0.001568394292274844
2024-07-24,-0.01796262018883247,-0.0226628677844809
2024-07-25,-0.010236801877994028,-0.005210194216618502
2024-07-26,0.010348566443664664,0.011199553271160845
2024-07-29,-0.000900418850957448,0.0005878020403915496
2024-07-30,-0.002748791614518205,-0.005066441562850521
2024-07-31,0.023197886294568683,0.016254617127424487
2024-08-01,-0.01570884217314746,-0.014160984898541451
2024-08-02,-0.019883419717485824,-0.018618373566652413
2024-08-05,-0.030192722467736705,-0.029123578985874143
2024-08-06,0.013391230871427462,0.009219546871610085
2024-08-07,-0.009842368241336922,-0.006684104205949781
2024-08-08,0.02156699169578998,0.023117302286119523
2024-08-09,0.0025921019124865996,0.004409693130006165
2024-08-12,-0.0047369260336270385,0.0005255223572662171
2024-08-13,0.01667369841780242,0.01644549418204444
2024-08-14,-0.001082465359951009,0.003154665038155091
2024-08-15,0.016810428604256338,0.017140511749472065
2024-08-16,0.0011266294643964927,0.002241880427621412
2024-08-19,0.011228894212724992,0.00956154390055941
2024-08-20,-0.004985417261424466,-0.0016261720245489553
2024-08-21,0.007671640255731969,0.003436571382049669
2024-08-22,-0.007251145750414523,-0.00784851342649373
2024-08-23,0.021592418927069534,0.010625498252766485
2024-08-26,-0.0032709612267090016,-0.0023840298785666736
2024-08-27,-0.0010972771272541961,0.0013731822465194998
2024-08-28,-0.007337612875343624,-0.005805185168784366
2024-08-29,0.0008673079774325074,8.919327757994644e-05
2024-08-30,0.009127178692377372,0.00954629848458799
2024-09-03,-0.021155330124802526,-0.020579026837119763
2024-09-04,0.005445765035120657,-0.0020467176748472093
2024-09-05,0.0035791978955538317,-0.002432293711486344
2024-09-06,-0.002816770869544831,-0.016830203968230317
2024-09-09,0.006562874640190378,0.01119648476189794
2024-09-10,0.008627555728590789,0.004355571320121987
2024-09-11,-0.0014452983023740909,0.010258962261036064
2024-09-12,0.005704406228167924,0.00842300900732984
2024-09-13,0.007696211102851791,0.005222895584666265
2024-09-16,0.004141437260264539,0.0014769268670506985
2024-09-17,-0.005779446811356484,0.0004084005064655116
2024-09-18,-0.007109087857526285,-0.0029657146870841755
2024-09-19,0.004143594235801315,0.017064380731744544
2024-09-20,0.0016367227428210434,-0.001728493464093095
2024-09-23,0.003245346942710614,0.0024986851621617845
2024-09-24,0.005061240238758979,0.002861378152297034
2024-09-25,-0.005455841567998165,-0.0022054649913505475
2024-09-26,-0.0005405426987218354,0.003964690509809632
2024-09-27,-0.0004869225599326935,-0.0014502900961131937
2024-09-30,-0.0016348947960533131,0.004007088348869869
2024-10-01,0.0034148416683729512,-0.008958496969196927
2024-10-02,-0.0015620368441555306,0.00042218331212562354
2024-10-03,-0.005508564492945567,-0.0018281779867486136
2024-10-04,0.002387891151262477,0.009087314968778681
2024-10-07,-0.006689301841628562,-0.00904048416232961
2024-10-08,-0.0015555869936087299,0.009457552416897164
2024-10-09,-0.0007271594795262106,0.006926483704299491
2024-10-10,-0.002363095926937064,-0.0017500368840644986
2024-10-11,0.01418677007521444,0.005988342474201325
2024-10-14,0.003917073205242594,0.008178239537643961
2024-10-15,0.005445680052085603,-0.007769603150609594
2024-10-16,0.01081268788276198,0.0043464140096862725
2024-10-17,-0.0015462005864641899,8.579045798295937e-05
2024-10-18,0.00532617884338793,0.003846655330890014
2024-10-21,-0.011839738126203054,-0.0016422798462758514
2024-10-22,0.002823246843298377,-0.00053117967032279
2024-10-23,-0.004622812829779832,-0.009137472564623716
2024-10-24,0.004020010954818742,0.0021628025973028375
2024-10-25,-0.0037119963374865708,-0.0003454048306994473
2024-10-28,0.006494189903996305,0.0030914301936280086
2024-10-29,0.00015792714475570957,0.0016182723864499593
2024-10-30,0.002852555238431457,-0.0030251024400930193
2024-10-31,-0.016343010870440766,-0.019603193652644957
2024-11-01,-0.0038487100638441656,0.00422069834587524
2024-11-04,-0.0012138252930081008,-0.0021541105300423302
2024-11-05,0.009034408797791825,0.012091814888343544
2024-11-06,0.0072139554616342805,0.024865487816271736
2024-11-07,0.01318435841706811,0.007732273571293691
2024-11-08,-0.0004230597291459508,0.0043317116431220715
2024-11-11,-0.0077008168330684095,0.0009527816016310364
2024-11-12,-0.004515877669138746,-0.0031063363644213693
2024-11-13,-0.003627345917757448,0.0004858730531422939
2024-11-14,-0.005329701115350471,-0.006430206460433574
2024-11-15,-0.01280213733283793,-0.012808535846547398
2024-11-18,0.010021705154205307,0.0040973033512390344
2024-11-19,0.006498179182704714,0.0036554745910837294
2024-11-20,0.0017983335994239402,0.00033882773833160407
2024-11-21,0.005768293061874244,0.005368247246335223
2024-11-22,0.00586517860150204,0.003099394453447868
2024-11-25,-0.008161629545049027,0.003392210018917652
2024-11-26,0.004176289865394903,0.005221380682413512
2024-11-27,-0.00289361123533934,-0.003030192099868323
2024-11-29,0.007874528860048283,0.006212259067315484
2024-12-02,0.0009753193888628606,0.0017923273750353186
2024-12-03,-0.001194977406225502,0.00046384228165408103
2024-12-04,0.00738520398843819,0.006209613761900323
2024-12-05,-0.005360617490296149,-0.0016456369760092793
2024-12-06,0.004805123446020243,0.0018955917276137768
2024-12-09,-0.005986520910312117,-0.005149673070058869
2024-12-10,-0.003616327280075326,-0.003108991042220177
2024-12-11,0.010051124926002906,0.007730739542463061
2024-12-12,-0.008200751362453424,-0.005152844195267514
2024-12-13,0.00019853681540656564,-0.00019841204399240198
2024-12-16,0.008182895715504493,0.004269952898457774
2024-12-17,-0.006657434248495149,-0.0041200937101640855
2024-12-18,-0.03671755595457937,-0.02980346115350485
2024-12-19,-0.003066057824479033,-0.0003071527492615189
2024-12-20,0.010037726067298728,0.012011013709321894
2024-12-23,0.004477664679788236,0.005988313845908255
2024-12-24,0.011205860619439473,0.011114993282984376
2024-12-26,0.003212687593079651,6.648855168323031e-05
2024-12-27,-0.01279917579393049,-0.010526378817907966
2024-12-30,-0.010800186988742742,-0.011411585176906436
2024-12-31,-0.0036213796264240963,-0.00363813553785719
2025-01-02,-0.0011994380029747287,-0.00245680648417268
2025-01-03,0.014581919965353777,0.012503189534990966
2025-01-06,0.005884923078601852,0.005760720256781537
2025-01-07,-0.012388507689031176,-0.011304148528351265
2025-01-08,-0.0009663628172248417,0.0014610115160782478
2025-01-10,-0.01765318508615924,-0.015267533310024395
2025-01-13,9.137865032856263e-05,0.001550691849189434
2025-01-14,0.003931893902371697,0.001375843351398398
2025-01-15,0.020285844832797086,0.01819002884394938
2025-01-16,-0.002306861109549585,-0.00192320642202648
2025-01-17,0.010413131562428365,0.010039901270404217
2025-01-21,0.011407807957217297,0.009153480443916395
2025-01-22,0.003960031371841866,0.005621641275482148
2025-01-23,0.0040464887055473575,0.005458057980426423
2025-01-24,-0.0037870712377136018,-0.0029193664748725645
2025-01-27,-0.01761207662997847,-0.014145356222404648
2025-01-28,0.008158704931128986,0.008592418892591214
2025-01-29,-0.0028847659595474897,-0.004483069391403416
2025-01-30,0.0065986815178666145,0.0053671859760371365
2025-01-31,-0.00524841213517461,-0.005321911081975883
2025-02-03,-0.009144490152189875,-0.00672955270931086
2025-02-04,0.007231206874798685,0.006708265236212485
2025-02-05,0.000762001908592806,0.004054423062778145
2025-02-06,0.003049574364291837,0.0034757322910417
2025-02-07,-0.00710455944046214,-0.009153513013858694
2025-02-10,0.01112969682288171,0.006791224284519393
2025-02-11,0.001989645159151232,0.0007603358409977723
2025-02-12,-0.004570341081206131,-0.0032213828439672243
2025-02-13,0.009957403416147962,0.010557707169447816
2025-02-14,0.0015315609876195289,-4.9380594261183575e-05
2025-02-18,0.006636220435300247,0.0029358976669520143
2025-02-19,0.0035128058346171422,0.0023549188372289365
2025-02-20,-0.00236597268809513,-0.00416044740027488
2025-02-21,-0.017261253340592326,-0.017103906168952077
2025-02-24,-0.006628414939609823,-0.004550509873166075
2025-02-25,-0.009548058579736987,-0.004973286891179596
2025-02-26,-0.0018627709392935081,0.0005049020842020635
2025-02-27,-0.01412598890639316,-0.01596180677302861
2025-02-28,0.007909604331700293,0.015605382783750565
2025-03-03,-0.01592200323007812,-0.01751987501654695
2025-03-04,0.003885761548486262,-0.011836867992038314
2025-03-05,0.007745261469347286,0.010747839611165988
2025-03-06,-0.006805132052888018,-0.017751263194117906
2025-03-07,0.006555128636216286,0.005604886452460267
2025-03-10,-0.012901322990646722,-0.026635406729509925
2025-03-11,0.004611074712329652,-0.008313000999340847
2025-03-12,0.0038426347919028694,0.005306600218026203
2025-03-13,0.0024871927477085145,-0.013330436330021067
2025-03-14,0.008087157031370602,0.02065567864541107
2025-03-17,0.007823508665225482,0.00771144794455525
2025-03-18,0.0030977667010578056,-0.010808597358321625
2025-03-19,0.004468268631875327,0.010890957855881567
2025-03-20,-0.00261447100996511,-0.0028916989401738258
2025-03-21,-0.006689889137929042,0.0003298919546212975
2025-03-24,-0.00031849980135508394,0.01790848775160092
2025-03-25,0.003750255736717352,0.002403713718828193
2025-03-26,-0.005044891065880648,-0.011938229589247618
2025-03-27,0.00609220402831312,-0.002655627315210407
2025-03-28,-0.0015422665879946116,-0.02013843063199028
2025-03-31,0.006493579778738211,0.006712912760983514
2025-04-01,-2.1855512912930864e-05,0.002824442743211364
2025-04-02,0.0035307855819849037,0.006328298292829215
2025-04-03,-0.02239339999521824,-0.04928069685329273
2025-04-04,-0.04190560271537054,-0.05854299254528805
2025-04-07,-0.020454842541071067,-0.0017811884523963872
2025-04-08,-0.0067598279554103025,-0.015662754316897898
2025-04-09,0.0501223167751094,0.10501925332407813
2025-04-10,-0.0025816700548258274,-0.043819067516813526
2025-04-11,0.019560193524242504,0.01784277787885369
2025-04-14,0.0018451298466882018,0.009701624027727895
2025-04-15,0.003954931862393595,-0.0028010217219820444
2025-04-16,0.013712619865142456,-0.02222785069528599
2025-04-17,0.00561836867598616,0.0014267171117980926
2025-04-21,0.0056957763136243535,-0.023802648335263688
2025-04-22,0.003742539875765079,0.026017697953237162
2025-04-23,-0.00916185987755617,0.015495362918822586
2025-04-24,0.012285183273855896,0.02104903098185429
2025-04-25,-0.0017121206699619218,0.0072251980963009554
2025-04-28,0.00509286280138721,0.00038127280597555213
2025-04-29,-0.006816448857958808,0.006299614973591217
2025-04-30,-0.00908920481671649,0.0003967183919115769
2025-05-01,-0.006698865268752592,0.007086868861841733
2025-05-02,0.00473712163904579,0.014844248983960195
2025-05-05,0.009938165686985984,-0.005734215590911473
2025-05-06,0.00976263015909192,-0.00835843551316362
2025-05-07,-0.005240641551954768,0.004205638324408012
2025-05-08,-0.010325488934592175,0.006967651505141115
2025-05-09,0.0043021862663750925,-0.0012742213508586397
2025-05-12,-0.009810570641315334,0.03304754271395138
2025-05-13,0.0015950603056106294,0.006603860821533747
2025-05-14,-0.009876074732327803,0.0012780826440004223
2025-05-15,0.01113920992928404,0.004884285134641564
2025-05-16,-0.003156716138395743,0.006334043929497213
2025-05-19,0.007287565876526347,0.0010938196429841618
2025-05-20,0.007371120415629447,-0.00336215367621695
2025-05-21,-0.0018090796120501236,-0.01685067094597681
2025-05-22,-0.0018908355201194829,0.0003946018551170827
2025-05-23,0.008719628682158698,-0.006825851257053039
2025-05-27,0.0005829953824948815,0.02079068471986001
2025-05-28,-0.005519654493144362,-0.005785451740996206
2025-05-29,0.004831724424286217,0.003947547586719891
2025-05-30,-0.0007137884006362949,-0.001118715603297682
2025-06-02,0.010961145765055245,0.005633026900562443
2025-06-03,-0.00467744630894229,0.005702557269405606
2025-06-04,0.0077782077223381325,-0.0002685124317830523
2025-06-05,-0.00018756218451535878,-0.004832652403296889
2025-06-06,-0.00221008003324948,0.010268821171307119
2025-06-09,0.004377470766259606,0.0009014354786658352
2025-06-10,0.002445545092533659,0.005669717805285801
2025-06-11,0.0026484094745994335,-0.002851974722322681
2025-06-12,0.007262170072736069,0.003974274973224556
2025-06-13,-0.005202972216299137,-0.0111801611547373
2025-06-16,0.0005837666122383931,0.009514136167775744
2025-06-17,-0.008293736289642917,-0.008544966880486782
2025-06-18,-0.0012917745186380818,-0.00015071307483049967
2025-06-20,-0.0050556866313364495,-0.002348577608368929
2025-06-23,0.006264806598754723,0.009877485739587577
2025-06-24,0.007457290918659319,0.011047186039507384
2025-06-25,-0.0005267404707292405,0.0005602827185173798
2025-06-26,0.005585864113581048,0.007823912169541813
2025-06-27,-0.004341249539228061,0.004968221436231435
2025-06-30,0.0052211460121163915,0.004781280167141189
2025-07-01,0.002370249919741441,-0.0003236142841348544
2025-07-02,0.005281314190229998,0.004533365492089381
2025-07-03,0.007417934907593348,0.007881299997254843
2025-07-07,-0.009711960723625013,-0.0074520706056897534
2025-07-08,0.002084923733375728,-0.0005476359239223738
2025-07-09,0.0038072525953026792,0.005996656078344209
2025-07-10,0.0013580137952791487,0.002820258275139098
2025-07-11,-0.003023342753384968,-0.0035153098751226075
2025-07-14,0.002328443351249598,0.0019080849682644452
2025-07-15,0.001295134641213632,-0.004273212189356279
2025-07-16,0.003030607045969802,0.0033431741923299896
2025-07-17,0.00664572234954767,0.006119637877514572
2025-07-18,-0.0013098845507634922,-0.0007323346017438226
2025-07-21,0.004533620022110663,0.001896143492131186
2025-07-22,-0.0014750232273461614,0.0001431954391026835
2025-07-23,0.007727928831531134,0.008507378219608341
2025-07-24,-0.000982719783310141,0.0003310296833012316
2025-07-25,0.0012036480101430178,0.004224435835635587
2025-07-28,-0.001263713744169337,-0.0002510690047468067
2025-07-29,-0.0012599479693372975,-0.0026375648019045794
2025-07-30,-0.0024122213496679348,-0.0012593694992442117
2025-07-31,-0.00492778719384986,-0.0037512610547767444
2025-08-01,-0.014834290536187898,-0.01639041762130733
2025-08-04,0.01867731502351651,0.015199863419301796
2025-08-05,-0.002254136560191281,-0.005070023621000952
2025-08-06,0.006309954685172517,0.007659660445043404
2025-08-07,-0.0002392896059905485,-0.000837636431655131
2025-08-08,0.006436435041879592,0.007797554830949682
2025-08-11,-0.0017211063814280465,-0.0019774044951013092
2025-08-12,0.01763520582587056,0.010645980769615315
2025-08-13,0.0077889339342172015,0.0034232284065640606
2025-08-14,-0.004523528873277967,9.29178689290655e-05
2025-08-15,-0.0038673054819133483,-0.0023411979263346927
2025-08-18,0.0010127200030330592,-0.00021771255650937515
2025-08-19,-0.008889779974922424,-0.005425101028153301
2025-08-20,-0.004043672738334539,-0.002657080804944645
2025-08-21,-0.002052389019433313,-0.004011713095880665
2025-08-22,0.023330969904338916,0.015356734450693521
2025-08-25,-0.005934650597100669,-0.0044010200352035955
2025-08-26,0.0054883950778542205,0.004186968758527643
2025-08-27,0.0036336577011777393,0.002278548405594716
2025-08-28,0.003662657395761511,0.003541324132844581
2025-08-29,-0.007328036146226975,-0.005963639392962183
2025-09-02,-0.00739692127468124,-0.007410251972675752
2025-09-03,0.0035659637742951516,0.005419545640653167
2025-09-04,0.006116067659123203,0.008357320883294106
2025-09-05,0.00615558449479477,-0.0028961941058495144
2025-09-08,0.005338234105424074,0.0024565777359784047
2025-09-09,0.0008189089774834899,0.0023118846201510834
2025-09-10,0.0017971229406176608,0.002890805295761023
2025-09-11,0.012951889574453812,0.008310290457562264
2025-09-12,-0.0021241499434654734,-0.000334630409346115
2025-09-15,0.006688622915507128,0.005323962798345239
2025-09-16,0.001638987204842975,-0.0013769781981408658
2025-09-17,0.0016337748829433987,-0.0012423636756685452
2025-09-18,0.010494291243863066,0.004672499536354291
2025-09-19,-0.001028719310437835,0.004952868450893266
2025-09-22,0.005542651950785367,0.004730956629250382
2025-09-23,-0.0027765567468163535,-0.005443378865093829
2025-09-24,-0.005358007225849263,-0.00318175702322121
2025-09-25,-0.006569478849854556,-0.004613374905433676
2025-09-26,0.003594778818633496,0.0057290340826092745
2025-09-29,0.0049659008676229775,0.0028104467833012237
2025-09-30,0.0026981828554268152,0.003766834755358328
2025-10-01,0.004617530906016243,0.0034075722246513784
2025-10-02,0.0024905898503480755,0.0011517326256851312
2025-10-03,0.006136507461146282,-1.4805406382656372e-05
2025-10-06,0.00914742003635068,0.003586271966467658
2025-10-07,-0.004428942287222792,-0.0037075138893177817
2025-10-08,0.011643344178101273,0.005963055269571305
2025-10-09,-0.01172483514570995,-0.002896974724933221
2025-10-10,-0.018915109642717177,-0.027027862178845674
2025-10-13,0.02707097199779218,0.015344118135168339
2025-10-14,0.004146664997745001,-0.0012216462876413203
2025-10-15,0.014519718599875329,0.004439529909605389
2025-10-16,0.002945245096012128,-0.006810134562330372
2025-10-17,-0.008578193174494412,0.005676205164253156
2025-10-20,0.023191498072806366,0.010400500262923273
2025-10-21,-0.026696874751102197,-1.494287878323064e-05
2025-10-22,-0.0051975267955121085,-0.005198916065879189
2025-10-23,0.008501989824426365,0.005929962705964353
2025-10-24,0.005146175102969368,0.008172554694480416
2025-10-27,-0.004426942508201451,0.011797664492784632
2025-10-28,-0.004292824457835372,0.002656016019079832
2025-10-29,-0.002185552377191128,0.0004803706386860007
2025-10-30,0.0004082560791689076,-0.010998187142508109
2025-10-31,-0.0007132672295852016,0.0032802220875831622
2025-11-03,0.0016378915735063557,0.0018767398754619968
2025-11-04,-0.017707064264200767,-0.01185354736001909
2025-11-05,0.011653866535873931,0.003465476340313245
2025-11-06,-0.008778439902912716,-0.010729453719183435
2025-11-07,0.002812279044538661,0.000984565078659072
2025-11-10,0.018318580818779868,0.01560437034633999
2025-11-11,0.0019597789691600345,0.002289177027853917
2025-11-12,0.004611351015003058,0.0005563903663643455
2025-11-13,-0.015964391893706575,-0.016593996414786205
2025-11-14,-0.004862602769958572,-0.0001635496688257021
2025-11-17,-0.014388714335615317,-0.009316620573407763
2025-11-18,0.0017813175305206133,-0.008397461670685558
2025-11-19,-0.0006860029836652422,0.0038631766432766224
2025-11-20,-0.010847210077318665,-0.015242227316648038
2025-11-21,0.00886375325744663,0.009961138168965045
2025-11-24,0.014880562607880433,0.014718606876234608
2025-11-25,0.008341962460891767,0.009405836039293458
2025-11-26,0.008031060224405953,0.006903582418005261
2025-11-28,0.006587476741898449,0.0054584342293309
2025-12-01,-0.0031660520006247346,-0.004565470301164498
2025-12-02,0.0005848231337862351,0.0018522768711999316
2025-12-03,0.0007502759894266372,0.003462749080359595
2025-12-04,-0.00015598085109976473,0.000731139787988333
2025-12-05,0.0032804730881111537,0.001899394752821859
2025-12-08,-0.002250042350012434,-0.0030042091058060105
2025-12-09,0.001574262242973597,-0.0008631180942337835
2025-12-10,0.006513781292474929,0.006632235252757246
2025-12-11,0.0009400464886653395,0.0023269460314641055
2025-12-12,-0.008395159360209624,-0.010752075575282682
2025-12-15,-0.0023529550251631943,-0.0015108085502177904
2025-12-16,-0.0013705062654775595,-0.002732285145230273
2025-12-17,-0.0057071213246199974,-0.011003593983400228
2025-12-18,0.00803130181339847,0.00755126270975226
2025-12-19,0.007979628888383253,0.009063506223587092
2025-12-22,0.011091116667781693,0.006229803850433591
2025-12-23,0.007830073818365719,0.004570492347330646
2025-12-24,0.0002722796255100932,0.003517674396244841
2025-12-26,0.0061984864442714924,-0.00010140966545213459
2025-12-29,-0.016974567363874593,-0.0035636535074947684
2025-12-30,0.0008110096810249139,-0.0012212136133650242
2025-12-31,-0.005943757887041822,-0.0074088529688375315
2026-01-02,0.009999803304339807,0.0018329931020035772
2026-01-05,0.016258640211401776,0.0066602071082446646
2026-01-06,0.006576004055444857,0.005947158299371091
2026-01-07,-0.006943662607891772,-0.003223412281198157
2026-01-08,0.001992167822939169,-0.00010152731427326422
2026-01-09,0.006957523138097387,0.006613382996888628
2026-01-12,0.012931902549389177,0.00157043300066384
2026-01-13,-0.004858800281528482,-0.0019995067653818532
2026-01-14,0.006349846607489014,-0.004915252903138989
2026-01-15,-0.0002143674062476213,0.0027232975079871657
2026-01-16,-0.0019620093562428,-0.000837905189162047
2026-01-20,0.004329336160352434,-0.02035680001149731
2026-01-21,0.013816517239858994,0.0115411092816613
2026-01-22,0.009984386396511816,0.005223257672714476
2026-01-23,0.00852689227710542,0.00036273518897367296
2026-01-26,0.0071077310434923815,0.00507823176187272
2026-01-27,0.0201432188513501,0.003984165378470905
2026-01-28,0.011663100880461703,-0.0001006645803248718
2026-01-29,0.0014462207464067305,-0.001984377154833794
2026-01-30,-0.044751816044503095,-0.0029824841055743345
2026-02-02,-0.010484055305353752,0.00497122273706152
2026-02-03,0.029997848935466122,-0.008455385901172563
2026-02-04,0.0014015927013092768,-0.004843853725993386
2026-02-05,-0.01955133935377869,-0.012489284060324235
2026-02-06,0.021326375590161224,0.01918478647681998
2026-02-09,0.01628255526321013,0.004821726716577324
2026-02-10,-0.004015238835295606,-0.002637057770699447
2026-02-11,0.009184577001672373,-0.00023112214366449724
2026-02-12,-0.021881963770200092,-0.01544885969788623
2026-02-13,0.009701363467322347,0.0007044991031190939
2026-02-17,-0.014502028970597379,0.0016134830190519533
2026-02-18,0.016641190402542305,0.005037707550576753
2026-02-19,0.003033644934228604,-0.002637344323549562
2026-02-20,0.011614088768109985,0.00723184928909637
2026-02-23,0.009671300495710262,-0.010211366038766267
2026-02-24,-0.004417443103607921,0.00726847527019836
2026-02-25,0.0027537226375098,0.008438306300538434
2026-02-26,0.002709351944090462,-0.005554445579207146
2026-02-27,0.008354491600432298,-0.004801940858611298
2026-03-02,0.006822891706980806,0.0005685229860479257
2026-03-03,-0.0302730207414276,-0.008814250912485666
2026-03-04,0.009159658445423139,0.007055355958297538
2026-03-05,-0.007175998180248572,-0.005575670491907769
2026-03-06,0.015927876788554896,-0.013107129910862048
2026-03-09,0.0013981764707909905,0.00875996152231262
2026-03-10,0.010721277427141018,-0.0016070155764896787
2026-03-11,0.006123011567912654,-0.0012551345486657706
2026-03-12,-0.008553152472771698,-0.015184966271003186
2026-03-13,-0.006922796763029093,-0.00566013575260893
2026-03-16,0.004331603945183836,0.01017686501045656
2026-03-17,0.006571272250054494,0.002630544991105488
2026-03-18,-0.011386475432288434,-0.013953644515257158
2026-03-19,-0.018287859764008006,-0.002464381043311259
2026-03-20,-0.020484359401558717,-0.014335696266852715
2026-03-23,-0.011233131625517829,0.010499991225476402
2026-03-24,0.001365234734279852,-0.0033568144771775055
2026-03-25,0.014511372505864503,0.0055726882440485515
2026-03-26,-0.020656493319191945,-0.017858729983344035
2026-03-27,0.017811028161009802,-0.01705189415742525
2026-03-30,-0.0009811124416189512,-0.0033433906874337227
2026-03-31,0.021519804404732668,0.029067865784757174
2026-04-01,0.005307076512545324,0.00753449141030349
2026-04-02,-0.0025759741199460704,0.0009004595313388819
2026-04-06,0.0034015015460662212,0.004726845083763864
2026-04-07,0.0031660856784577014,0.0004400005646272298
2026-04-08,0.011111704891874777,0.02546963651219092
2026-04-09,0.0034611248929680514,0.005769017699185586
2026-04-10,-0.0014835579138940953,-0.0006617754265585418
2026-04-13,0.006837509144253332,0.009772447246481741
2026-04-14,0.012454702907593427,0.012184877209840739
2026-04-15,-0.0031038089094875083,0.007890969227043909
2026-04-16,0.0035905578990157077,0.002457347646937613
2026-04-17,0.0013930915710069405,0.012085686101644066
2026-04-20,-0.0008023489692601986,-0.0019997351150194964
2026-04-21,-0.008068302265645994,-0.006546892848539487
2026-04-22,0.013889638538945832,0.01012671209511895
2026-04-23,-0.004356523282687282,-0.0038807408683984024
2026-04-24,0.008805659976900674,0.007749309237231605
2026-04-27,-0.0005405299059797102,0.001722787837563633
2026-04-28,-0.0068227253933807646,-0.004865992267119479
2026-04-29,0.0029872554049099227,-0.00015450932498595193
2026-04-30,0.012117940666256969,0.009949633527564838
2026-05-01,-0.0034233465045784275,0.0027690952923506984
2026-05-04,0.002915898488819309,-0.0036633921467564834
2026-05-05,0.00398912545668854,0.008022228723942426
2026-05-06,0.0009774587806326753,0.013899399692774095
2026-05-07,-0.0023595299763705295,-0.0030660824190705815
2026-05-08,0.009159944373050047,0.00825609701116825
2026-05-11,0.009567801867035245,0.002277563042387465
2026-05-12,0.003933855513183371,-0.0015149526145865622
2026-05-13,-0.0026031532620521083,0.00559483781461112
2026-05-14,-0.0019499115896155494,0.0078943149045545
2026-05-15,-0.009531910113393235,-0.012029343756796207
2026-05-18,0.004500879111195196,-0.0007035093177316654
2026-05-19,0.0013363073262473064,-0.0066607880874933745
2026-05-20,0.0020563864823736067,0.010248994582563453
2026-05-21,-0.0006855021827965417,0.0019830877010671433
2026-05-22,2.113916233000457e-05,0.003931549076803931
2026-05-26,0.0019019896769541704,0.006638641352187502
2026-05-27,-0.0074014655911816,-0.00017324216474612353
2026-05-28,0.004137552273614675,0.005516578600909927
2026-05-29,-0.004398370065351154,0.0024914048034492264
2026-06-01,0.001825572167242773,0.0027231134609038143
2026-06-02,0.00607108294334635,0.0013579397972762752
2026-06-03,-0.0035497994462054443,-0.0070171823204997485
2026-06-04,-0.001095547749046891,0.0037786857621391334
2026-06-05,-0.03507763603600932,-0.025809371248925683
2026-06-08,0.01085357878575303,0.002264172608771542
2026-06-09,-0.007292485239483559,-0.0029354505508077944
2026-06-10,-0.008985645594723627,-0.015765562508027298
2026-06-11,0.017481983236492044,0.016996847886747934
2026-06-12,0.0014107639395385396,0.005408247901529384
2026-06-15,0.009338625473148565,0.01763396989375332
2026-06-16,-0.013011201516875402,-0.005961562844234214
2026-06-17,-0.008137520415086159,-0.012487870885051433
2026-06-18,0.013958738179532673,0.010396992441959574
2026-06-22,-0.000570103178397193,-0.003146979693962715
2026-06-23,-0.01770019094339755,-0.014521954010491611
2026-06-24,-0.008103941216865751,-0.0004635170636431152
2026-06-25,0.011245183842005938,0.0014456352254532678
2026-06-26,-0.008017930501558596,-0.007231373616869652
2026-06-29,0.007203184370076868,0.016474862380159383
2026-06-30,0.008576726402871918,0.007786800986842035
2026-07-01,-0.009295980879161649,-0.001352504438058455
2026-07-02,-0.011626674119923167,-0.00131406948068713
2026-07-06,0.015746805820190835,0.008727409093039817
2026-07-07,-0.018323420485987302,-0.004751899671231685
2026-07-08,0.000481355829958082,-0.0030894297130047432
2026-07-09,0.012586121326439695,0.00846525000257925
2026-07-10,0.00022490263515765707,0.0043101596888019955
2026-07-13,-0.021111369865134767,-0.007656174850540931
2026-07-14,0.010939643035542845,0.00355064169730146
2026-07-15,1.5305466790812238e-05,0.003963635929681075
2026-07-16,-0.01269837861187369,-0.00541861775638619
2026-07-17,-0.011431407967449347,-0.009897156017872222
2026-07-20,-0.00018921309384456486,-0.0016143782471810253
2026-07-21,0.020341050290740254,0.008341309298597777
2026-07-22,-0.0065787544285170006,-0.0011627413779321527
2026-07-23,-0.010256943867230934,-0.012349287272575782
2026-07-24,-0.01132674109230325,0.0010160123647910968
2026-07-27,0.002490403978188634,0.0002165755636849287
2026-07-28,-0.009318108186634477,0.002394780651586048
2026-07-29,-0.019139428551539307,-0.015387473482586067
2026-07-30,0.029389685086010253,0.01676579949601198
2026-07-31,0.003202542721505071,0.007199809675054292
2026-08-03,0.012128733946160652,0.01424300656734756
2026-08-04,0.016274773096858132,0.018029002715958642
2026-08-05,-0.002467202480721704,-0.0019966020100066206
2026-08-06,-0.0024399629406950765,-0.001597813044932117
2026-08-07,0.009432529993164943,0.006115348472417681
2026-08-10,-0.0035038182527548827,-0.00029741673673222557
2026-08-11,0.00030406734731984014,-0.0031952597501651026
2026-08-12,0.0040040976437523135,0.0025046624297864195
2026-08-13,0.0037794532873351985,0.006977455651952402
2026-08-14,0.0009330590196971282,-0.0019797115463531245
2026-08-17,-0.003284108482959347,-0.004727366641364306
2026-08-18,-0.010077498798293928,-0.006755757074274671
2026-08-19,0.003565444797681394,0.00209783741736147
2026-08-20,-0.008234115987940105,-0.008399893367440403
2026-08-21,0.006691650080809481,0.0040912604472485015
2026-08-24,-0.0038376030205592433,-0.0029384110198064084
2026-08-25,0.0048816154969603485,0.003195937672779925
2026-08-26,-0.001914455526333736,0.0002220155779071309
2026-08-27,0.0023958342276276796,0.006552786111251541
2026-08-28,-0.006196187928111162,-0.002269485222937795
2026-08-31,-0.0038833221347986204,-0.002989520850009919
2026-09-01,-0.009745342483646334,-0.0068704238054378974
2026-09-02,-1.574133335687433e-05,0.004436902672253051
2026-09-03,0.006956314898670805,0.01046841189654324
2026-09-04,-0.0024015912318512043,-0.0038542371465762892
2026-09-08,0.003097164055071766,-0.0054921259109328435
2026-09-09,-0.0025223694640752843,-0.004647758964528403
2026-09-10,0.0021189913055951184,-0.005994238166153076
2026-09-11,0.0011284485584918498,0.008524287494320992
2026-09-14,-0.004408527544514855,-0.00446162221482016
2026-09-15,0.0030994471986473347,-0.0045867813741701235
2026-09-16,-0.008544495450930722,-0.0044099166755176
